n2_id	n2_chrom	n2_start	n2_stop	cb_id	cb_chrom	cb_start	cb_stop
4	1	571296	571542	3	1	575830	576076
19	1	4006052	4007100	19	1	3976703	3977751
41	1	8830867	8831113	40	1	8803646	8803892
69	1	13904830	13905071	67	1	13846812	13847053
79	2	186828	189575	77	2	185306	188053
103	2	4461525	4464263	102	2	4315620	4318358
113	2	6143794	6146904	112	2	5992207	5995317
115	2	6866478	6866724	114	2	6710271	6710517
123	2	8687530	8687777	122	2	8509373	8509620
146	2	15078522	15078768	148	2	14872810	14873056
151	3	210240	210486	156	3	191718	191964
178	3	4421406	4421652	182	3	4375357	4375603
201	3	9106713	9116830	203	3	8999944	9010061
243	4	2286394	2286640	240	4	2238454	2238700
244	4	2295006	2295251	241	4	2247049	2247294
250	4	3095010	3098008	246	4	3002836	3005834
286	4	8903452	8905544	283	4	8733015	8735107
287	4	8984895	8988014	284	4	8813917	8817036
306	4	11562252	11568796	304	4	11392078	11398622
307	4	11943105	11959928	305	4	11770180	11787003
341	4	15745196	15745446	333	4	15510899	15511149
354	4	16613011	16613257	346	4	16314683	16314929
362	4	17144020	17147845	354	4	16838765	16842590
396	5	5675846	5676095	381	5	5401568	5401817
411	5	7534109	7537424	395	5	7228663	7231978
415	5	8210887	8219502	398	5	7896491	7905106
423	5	9975367	9982083	406	5	9648392	9655108
434	5	11913222	11920777	417	5	11584651	11592206
436	5	12114267	12121423	419	5	11784687	11791843
447	5	15349648	15354821	429	5	14998422	15003595
449	5	15560680	15560925	431	5	15208233	15208478
464	5	18061309	18061555	444	5	17776372	17776618
490	6	1239663	1239909	473	6	1204950	1205196
503	6	3893300	3899446	484	6	3791326	3797472
509	6	5264828	5265077	489	6	5128660	5128909
511	6	5762370	5769970	491	6	5624245	5631845
524	6	9298829	9311335	505	6	9137200	9149706
526	6	9501657	9509423	507	6	9340054	9347820
541	6	12865663	12875717	521	6	12697980	12708034
547	6	14135727	14139225	526	6	13968474	13971972
567	1	5743739	5743956	1077	1	5727693	5727910
570	1	12854179	12854395	1064	1	12795022	12795238
571	1	13435296	13435511	1065	1	13381489	13381704
573	1	199144	199361	1080	1	200327	200544
577	1	2246899	2247108	551	1	2243920	2244129
578	1	13743104	13743306	552	1	13688014	13688216
579	1	14841271	14841481	553	1	14773003	14773213
581	1	1716827	1717041	1078	1	1711928	1712142
589	1	135155	135351	578	1	135532	135728
597	1	12009831	12010021	558	1	11944235	11944425
603	1	12691569	12691751	565	1	12634709	12634891
606	1	13498719	13498913	574	1	13443244	13443438
617	1	8123539	8123733	601	1	8103960	8104154
622	1	3049145	3049332	592	1	3021659	3021846
623	1	641107	641294	608	1	641591	641778
625	1	1211622	1211808	625	1	1201845	1202031
626	1	2018865	2019046	593	1	2018094	2018275
647	1	14320584	14320755	616	1	14260464	14260635
651	1	1598602	1598780	1086	1	1587167	1587345
654	1	2303713	2303892	611	1	2300093	2300272
663	1	12535384	12535560	634	1	12468172	12468348
664	1	260570	260745	635	1	262476	262651
673	1	2363840	2364018	657	1	2346900	2347078
674	1	2965630	2965797	690	1	2938751	2938918
676	1	11378240	11378414	645	1	11353866	11354040
678	1	2444724	2444894	685	1	2425679	2425849
680	1	3301851	3302029	655	1	3274348	3274526
692	1	12681448	12681624	672	1	12624598	12624774
694	1	2008872	2009049	629	1	2008508	2008685
697	1	3426267	3426434	673	1	3398395	3398562
712	1	11589359	11589520	700	1	11545280	11545441
718	1	1858998	1859137	1100	1	1860809	1860948
722	1	13763205	13763355	702	1	13708312	13708462
723	1	3488528	3488679	704	1	3460842	3460993
724	1	14050976	14051126	707	1	13990678	13990828
745	1	12659977	12660100	732	1	12597399	12597522
752	1	14126799	14127476	740	1	14071912	14072589
767	1	1206979	1207773	952	1	1197829	1198623
774	1	1025839	1026631	955	1	1021862	1022654
797	1	2406282	2406930	757	1	2387017	2387665
798	1	2484664	2485306	758	1	2462107	2462749
801	1	2936824	2937446	762	1	2909855	2910477
805	1	13620091	13620686	764	1	13562946	13563541
809	1	13502889	13503476	767	1	13447762	13448349
810	1	2105274	2105858	768	1	2104196	2104780
814	1	11206739	11207343	775	1	11183452	11184056
817	1	3337935	3338528	779	1	3310314	3310907
820	1	406578	407169	780	1	411208	411799
827	1	1163679	1164410	1003	1	1155309	1156040
833	1	11149414	11150120	736	1	11125598	11126304
842	1	13461245	13461733	789	1	13407526	13408014
848	1	3624217	3624799	784	1	3592258	3592840
849	1	1878962	1879406	803	1	1880711	1881155
850	1	2927863	2928307	802	1	2900950	2901394
864	1	31237	31681	821	1	30819	31263
865	1	1599942	1600372	817	1	1588507	1588937
869	1	12318632	12319069	822	1	12254235	12254672
871	1	13767813	13768240	823	1	13712920	13713347
875	1	7069297	7069730	814	1	7052754	7053187
879	1	1804849	1805280	839	1	1809948	1810379
883	1	13911640	13912039	843	1	13853629	13854028
884	1	4603112	4603558	844	1	4585039	4585485
892	1	7659381	7659808	858	1	7642434	7642861
893	1	46016	46437	859	1	45952	46373
896	1	2084335	2084741	868	1	2083273	2083679
905	1	13912912	13913300	850	1	13854901	13855289
911	1	15055749	15056115	877	1	14987530	14987896
921	1	2398527	2398913	897	1	2379402	2379788
932	1	596998	597355	907	1	601473	601830
940	1	9091857	9092223	872	1	9064682	9065048
945	1	3347026	3347404	893	1	3319619	3319997
958	1	9572527	9572874	924	1	9544830	9545177
969	1	12947809	12948094	940	1	12888003	12888288
970	1	315772	316057	937	1	317944	318229
971	1	8889887	8890172	941	1	8862722	8863007
972	1	1825966	1826251	939	1	1830458	1830743
974	1	10518401	10518686	938	1	10497864	10498149
975	1	9333856	9334140	945	1	9306240	9306524
979	1	15056115	15056438	930	1	14987896	14988219
984	1	14764824	14765133	976	1	14702502	14702811
986	1	8410187	8410494	978	1	8390518	8390825
987	1	12712210	12712510	979	1	12652096	12652396
994	1	136761	137062	972	1	139215	139516
997	1	14325270	14325569	973	1	14265004	14265303
999	1	2599718	2600012	984	1	2575149	2575443
1002	1	11302574	11302868	986	1	11281156	11281450
1004	1	8804573	8804860	993	1	8776694	8776981
1007	1	5554975	5555243	996	1	5539183	5539451
1015	1	4781649	4781907	1009	1	4766893	4767151
1017	1	11487394	11487641	1012	1	11444851	11445098
1019	1	14381204	14381447	1013	1	14316623	14316866
1023	1	14488479	14488702	1017	1	14429041	14429264
1035	1	1802966	1803208	1030	1	1792674	1792916
1036	1	682527	682768	1033	1	680398	680639
1039	1	490769	491002	1041	1	495044	495277
1044	1	3160045	3160764	991	1	3132720	3133439
1045	1	2096417	2096658	1031	1	2095233	2095474
1051	1	533656	533888	1045	1	537929	538161
1056	1	701091	701313	1040	1	697689	697911
1058	1	1199799	1200036	1028	1	1190525	1190762
1059	1	12000257	12000486	1029	1	11934622	11934851
1061	1	12107710	12108449	1054	1	12042076	12042815
1064	1	3094752	3094964	1056	1	3067364	3067576
1066	1	11689091	11689298	1059	1	11643934	11644141
1068	1	5354677	5354881	1062	1	5339755	5339959
1072	1	14120238	14120454	1050	1	14065353	14065569
1074	1	967522	967738	1052	1	963110	963326
1083	1	1477984	1478161	613	1	1466903	1467080
1084	1	13361374	13361549	623	1	13304258	13304433
1089	1	3219014	3219191	1093	1	3191537	3191714
1094	1	2007189	2007330	1104	1	2006772	2006913
1097	1	1290718	1290840	1106	1	1280450	1280572
1107	1	14637840	14637961	3940	1	14574592	14574713
1136	2	726166	726377	1404	2	702002	702213
1143	2	6791976	6792177	1140	2	6638834	6639035
1153	2	12980843	12981037	1157	2	12799088	12799282
1165	2	13560295	13560489	1159	2	13364196	13364390
1167	2	14497413	14497605	1148	2	14308681	14308873
1171	2	12041223	12041399	1186	2	11855144	11855320
1173	2	13782263	13782432	1195	2	13606584	13606753
1175	2	12211541	12211722	1171	2	12025625	12025806
1178	2	13882972	13883150	1173	2	13707984	13708162
1181	2	521927	522103	1174	2	501161	501337
1202	2	12769031	12769188	1192	2	12594258	12594415
1203	2	3057073	3057229	1216	2	2918998	2919154
1207	2	9383192	9383344	1207	2	9204522	9204674
1210	2	11997653	11997814	1204	2	11811673	11811834
1212	2	2133656	2133806	1212	2	1957730	1957880
1222	2	12289522	12289656	1218	2	12102835	12102969
1224	2	12380481	12380613	1220	2	12193603	12193735
1228	2	1156293	1156413	1225	2	1097717	1097837
1231	2	13104079	13104123	1228	2	12922009	12922053
1232	2	13881539	13882335	1352	2	13706537	13707333
1235	2	11576927	11577720	1354	2	11389459	11390252
1238	2	8879406	8880197	1356	2	8701180	8701971
1242	2	4074400	4075187	1360	2	3934211	3934998
1247	2	635880	636563	1229	2	614982	615665
1251	2	15106115	15106710	1234	2	14899830	14900425
1253	2	14307693	14308296	1236	2	14136465	14137068
1258	2	14110514	14111068	1241	2	13935990	13936544
1270	2	14319869	14320361	1252	2	14148482	14148974
1281	2	3027842	3028267	1281	2	2890054	2890479
1289	2	10543092	10543507	1277	2	10360993	10361408
1292	2	445123	445566	1286	2	428818	429261
1297	2	2124473	2124905	1290	2	1951385	1951817
1299	2	2787761	2788193	1291	2	2637217	2637649
1307	2	14204533	14204970	1299	2	14028850	14029287
1308	2	13085151	13085587	1300	2	12903178	12903614
1309	2	10503864	10504299	1301	2	10321773	10322208
1310	2	7104219	7104649	1302	2	6945247	6945677
1312	2	14377791	14378168	1311	2	14189535	14189912
1313	2	968957	969381	1297	2	918946	919370
1315	2	5414393	5414807	1317	2	5271195	5271609
1320	2	15210250	15210641	1329	2	15155649	15156040
1327	2	11559585	11559976	1308	2	11372111	11372502
1328	2	1135867	1136255	1310	2	1077293	1077681
1335	2	14077904	14078251	1430	2	13903052	13903399
1338	2	14014721	14015077	1340	2	13839007	13839363
1354	2	12801493	12801798	1363	2	12619783	12620088
1355	2	14322288	14322591	1364	2	14150897	14151200
1357	2	1729131	1729421	1367	2	1670810	1671100
1361	2	2620611	2620848	1375	2	2464737	2464974
1362	2	954232	954470	1378	2	904286	904524
1366	2	3481321	3481559	1383	2	3321026	3321264
1369	2	12688630	12688868	1385	2	12513128	12513366
1373	2	12386349	12386572	1387	2	12199575	12199798
1376	2	3816403	3816624	1384	2	3666112	3666333
1379	2	2068660	2069364	1395	2	1893905	1894609
1382	2	12551684	12551895	1397	2	12363750	12363961
1392	2	3543657	3543875	1389	2	3383768	3383986
1394	2	14049649	14049865	1391	2	13874108	13874324
1399	2	12291620	12291808	1163	2	12104933	12105121
1402	2	12165156	12165326	1180	2	11979297	11979467
1418	3	1287941	1288160	1765	3	1255577	1255796
1428	3	1324218	1324418	1442	3	1291286	1291486
1435	3	13131293	13131491	1450	3	12526339	12526537
1454	3	2769363	2769546	1461	3	2726222	2726405
1462	3	599372	599556	1787	3	576363	576547
1483	3	814827	815000	1489	3	783081	783254
1489	3	11356023	11356199	1483	3	11247948	11248124
1497	3	8497550	8497727	1496	3	8404176	8404353
1499	3	12981647	12981817	1795	3	12379667	12379837
1501	3	424996	425163	1500	3	402115	402282
1506	3	11366104	11366271	1476	3	11257974	11258141
1509	3	11847429	11847595	1505	3	11715710	11715876
1510	3	362286	362463	1502	3	339928	340105
1534	3	6977756	6977915	1519	3	6929796	6929955
1539	3	4395787	4395937	1523	3	4350171	4350321
1548	3	915693	915827	1533	3	883875	884009
1580	3	13320499	13321136	1566	3	12711473	12712110
1586	3	12931157	12931950	1696	3	12328823	12329616
1592	3	11186826	11187617	1698	3	11079473	11080264
1593	3	13224207	13224998	1701	3	12614409	12615200
1598	3	3223112	3223897	1767	3	3179140	3179925
1599	3	1027101	1027886	1768	3	1002274	1003059
1604	3	408377	409160	1772	3	385596	386379
1605	3	11764716	11765499	1770	3	11634000	11634783
1606	3	12743895	12744678	1569	3	12125978	12126761
1607	3	414477	415259	1774	3	391861	392643
1612	3	12901064	12901839	1808	3	12297626	12298401
1613	3	319681	320456	1706	3	299796	300571
1627	3	13118462	13119055	1579	3	12513597	12514190
1630	3	12758848	12759440	1583	3	12140451	12141043
1631	3	449291	449852	1585	3	426041	426602
1637	3	13481513	13482242	1723	3	12872996	12873725
1645	3	215354	215881	1593	3	196829	197356
1646	3	1574805	1575324	1594	3	1531425	1531944
1648	3	12601083	12601668	1596	3	11922428	11923013
1654	3	13135543	13136101	1597	3	12530595	12531153
1658	3	9130332	9130846	1607	3	9023559	9024073
1660	3	10708442	10708952	1605	3	10600450	10600960
1661	3	2442266	2442762	1610	3	2397822	2398318
1662	3	2424307	2424795	1611	3	2380002	2380490
1665	3	7580175	7580662	1609	3	7486720	7487207
1680	3	10249927	10250379	1632	3	10143223	10143675
1691	3	4775395	4775832	1640	3	4729120	4729557
1697	3	11210566	11210993	1657	3	11103159	11103586
1707	3	11324616	11325029	1645	3	11216505	11216918
1718	3	8321876	8322271	1627	3	8227440	8227835
1721	3	12728026	12728418	1670	3	12110315	12110707
1733	3	11600798	11601172	1677	3	11483903	11484277
1735	3	12998169	12998458	1685	3	12396356	12396645
1744	3	2974985	2975286	1717	3	2929697	2929998
1746	3	9311396	9311657	1719	3	9204679	9204940
1758	3	7737799	7738045	1733	3	7643838	7644084
1761	3	11833745	11833996	1737	3	11702231	11702482
1762	3	13814952	13815193	1738	3	13202191	13202432
1766	3	13157056	13157295	1743	3	12551941	12552180
1773	3	12618333	12618553	1753	3	11939577	11939797
1786	3	7486005	7486221	1756	3	7392954	7393170
1794	3	3176283	3176464	1471	3	3132529	3132710
1795	3	11920134	11920314	1789	3	11786070	11786250
1803	3	11202260	11202798	1584	3	11094757	11095295
1805	3	11350931	11351480	1599	3	11242856	11243405
1827	4	13268227	13268420	1815	4	13075317	13075510
1830	4	16510477	16510668	1853	4	16215761	16215952
1835	4	17247741	17247941	1824	4	16942652	16942852
1840	4	14662370	14662564	1832	4	14433719	14433913
1847	4	12884589	12884783	1823	4	12699687	12699881
1851	4	13427847	13428039	1837	4	13230790	13230982
1858	4	13406673	13406851	1843	4	13209778	13209956
1864	4	2128282	2128459	2256	4	2083551	2083728
1867	4	3122240	3122426	1854	4	3030233	3030419
1869	4	17054384	17054563	1857	4	16753734	16753913
1876	4	2997053	2997237	1861	4	2904744	2904928
1885	4	17020581	17020737	1889	4	16719804	16719960
1897	4	4259179	4259352	1877	4	4120035	4120208
1898	4	2625026	2625194	1878	4	2541462	2541630
1900	4	3252017	3252183	1881	4	3159128	3159294
1901	4	13921160	13921326	1883	4	13709256	13709422
1903	4	13450859	13451025	1882	4	13253801	13253967
1904	4	3394186	3394342	1925	4	3298450	3298606
1931	4	9041393	9041541	1926	4	8870328	8870476
1939	4	3108807	3108952	1931	4	3016795	3016940
1959	4	2637708	2638503	2127	4	2554166	2554961
1968	4	2878238	2879031	2133	4	2786082	2786875
1975	4	2929913	2930705	2138	4	2837732	2838524
1978	4	2101076	2101867	2145	4	2056973	2057764
1985	4	1025402	1026192	2148	4	1008174	1008964
1987	4	3238237	3239024	2153	4	3145348	3146135
1988	4	4092370	4093153	2242	4	3994827	3995610
1992	4	3248108	3248887	2247	4	3155219	3155998
1997	4	1765212	1765978	2274	4	1727687	1728453
2010	4	16407264	16407863	1955	4	16112919	16113518
2017	4	16816503	16817050	1961	4	16515392	16515939
2026	4	2790911	2791508	2271	4	2699254	2699851
2031	4	1793804	1794395	1969	4	1756273	1756864
2035	4	1022087	1022574	1971	4	1004859	1005346
2038	4	2877071	2877613	1974	4	2784914	2785456
2050	4	5035319	5035783	1991	4	4889970	4890434
2062	4	14860739	14861179	2036	4	14633320	14633760
2064	4	332903	333347	1998	4	332286	332730
2069	4	11108193	11108638	2002	4	10937936	10938381
2071	4	7056890	7057332	2004	4	6891198	6891640
2073	4	14400409	14400830	2006	4	14173380	14173801
2097	4	17019272	17019658	2030	4	16718495	16718881
2101	4	12032976	12033419	2033	4	11859822	11860265
2102	4	17214479	17214921	2034	4	16909386	16909828
2104	4	3015740	3016171	1997	4	2924261	2924692
2115	4	2424177	2424592	2012	4	2373338	2373753
2117	4	1020248	1020638	2015	4	1002986	1003376
2121	4	14321146	14321560	2038	4	14095522	14095936
2123	4	14837338	14837748	2042	4	14609667	14610077
2124	4	7920652	7921062	2041	4	7750265	7750675
2128	4	10214332	10214697	2117	4	10043088	10043453
2129	4	2801530	2801895	2116	4	2709870	2710235
2133	4	3050498	3050886	2045	4	2959303	2959691
2135	4	385185	385546	2113	4	384566	384927
2137	4	14027986	14028376	2081	4	13813154	13813544
2140	4	15017419	15017805	2084	4	14790152	14790538
2143	4	6774731	6775096	2282	4	6608913	6609278
2147	4	13599531	13599922	2085	4	13398221	13398612
2148	4	5733349	5733719	2110	4	5575764	5576134
2152	4	5250960	5251327	2087	4	5095409	5095776
2158	4	13814481	13814841	2094	4	13609401	13609761
2159	4	14307612	14307972	2093	4	14082349	14082709
2160	4	15218202	15218561	2096	4	14983038	14983397
2172	4	13658095	13658450	2105	4	13453329	13453684
2173	4	15777928	15778282	2107	4	15539373	15539727
2186	4	13503523	13503859	2121	4	13301740	13302076
2193	4	1964851	1965159	2163	4	1922387	1922695
2198	4	1878009	1878310	2159	4	1839511	1839812
2201	4	15704075	15704374	2170	4	15476276	15476575
2205	4	4240149	4240429	2172	4	4100929	4101209
2213	4	16209531	16209774	2182	4	15960724	15960967
2218	4	15710306	15710545	2188	4	15482507	15482746
2242	4	6307963	6308200	2208	4	6147099	6147336
2244	4	4099277	4099514	2207	4	4001732	4001969
2245	4	4763222	4763459	2205	4	4620842	4621079
2260	4	5522468	5522688	2219	4	5366716	5366936
2265	4	2934535	2934751	2222	4	2842362	2842578
2273	4	17011703	17011889	1852	4	16710930	16711116
2293	4	2424097	2424604	1981	4	2373258	2373765
2296	4	2424111	2424547	1983	4	2373272	2373708
2300	4	5035378	5035769	2014	4	4890029	4890420
2317	5	8593879	8594082	2782	5	8277827	8278030
2324	5	3829715	3829925	2288	5	3584434	3584644
2329	5	19867715	19867915	2290	5	19513187	19513387
2339	5	6122703	6122899	2312	5	5830328	5830524
2342	5	1446938	1447127	2320	5	1434802	1434991
2343	5	16912437	16912644	2291	5	16801049	16801256
2350	5	11294740	11294942	2298	5	10967707	10967909
2353	5	2075684	2075878	2313	5	2047297	2047491
2363	5	1776669	1776861	2331	5	1758201	1758393
2366	5	16781180	16781366	2322	5	16634362	16634548
2370	5	1030520	1030709	2319	5	1021400	1021589
2371	5	2163902	2164090	2336	5	2133152	2133340
2381	5	3844920	3845097	2350	5	3599695	3599872
2396	5	18153874	18154061	2362	5	17864565	17864752
2400	5	2693643	2693821	2348	5	2550696	2550874
2404	5	2074423	2074602	2811	5	2046036	2046215
2406	5	2056037	2056217	2367	5	2027590	2027770
2408	5	10980307	10980486	2406	5	10653382	10653561
2409	5	3718218	3718396	2369	5	3472949	3473127
2410	5	4192222	4192399	2370	5	3936566	3936743
2411	5	17522691	17522868	2372	5	17249934	17250111
2414	5	824756	824932	2327	5	818467	818643
2419	5	1085283	1085455	2381	5	1076037	1076209
2425	5	812917	813098	2393	5	807708	807889
2426	5	19906458	19906639	2394	5	19544442	19544623
2427	5	1149964	1150144	2395	5	1140771	1140951
2432	5	6745077	6745255	2385	5	6441044	6441222
2438	5	17242777	17242951	2398	5	17093525	17093699
2452	5	2095302	2095476	2416	5	2067048	2067222
2454	5	4367448	4367623	2352	5	4099525	4099700
2455	5	16557903	16558069	2413	5	16422741	16422907
2456	5	18343194	18343360	2412	5	18044486	18044652
2457	5	10825218	10825384	675	1	5679989	5680155
2459	5	4995093	4995269	2815	5	4720369	4720545
2464	5	15168522	15168697	2419	5	14823922	14824097
2470	5	5051989	5052155	2433	5	4775712	4775878
2471	5	11598	11764	2434	5	11602	11768
2476	5	4406887	4407043	2446	5	4138807	4138963
2481	5	4184312	4185038	2722	5	3928659	3929385
2494	5	3692562	3692702	2463	5	3447607	3447747
2495	5	3597393	3597533	2465	5	3355295	3355435
2508	5	1845721	1845852	2823	5	1825951	1826082
2512	5	18896695	18896821	2472	5	18578754	18578880
2514	5	18387914	18388033	2475	5	18085007	18085126
2534	5	999287	1000079	2693	5	990518	991310
2552	5	188616	189213	2496	5	188850	189447
2562	5	8701233	8701745	2508	5	8385032	8385544
2566	5	20338563	20339308	2719	5	19951809	19952554
2576	5	13945456	13946029	2519	5	13608273	13608846
2578	5	13945487	13945982	2520	5	13608304	13608799
2599	5	10138099	10138547	2549	5	9811101	9811549
2600	5	18037240	18037686	2553	5	17752208	17752654
2602	5	8376242	8376685	2554	5	8059703	8060146
2611	5	3559565	3560016	2559	5	3318782	3319233
2619	5	20767564	20768002	2570	5	20360550	20360988
2621	5	2165207	2165645	2572	5	2134457	2134895
2631	5	1646465	1646897	2581	5	1632128	1632560
2634	5	3103426	3103857	2585	5	2950241	2950672
2637	5	3245742	3246171	2586	5	3092015	3092444
2650	5	10875110	10875548	2599	5	10547625	10548063
2656	5	2975544	2975966	2544	5	2828138	2828560
2669	5	18891838	18892252	2602	5	18573949	18574363
2699	5	17860108	17860472	2656	5	17572425	17572789
2700	5	16581188	16581548	2657	5	16446574	16446934
2702	5	5609456	5609813	2661	5	5337187	5337544
2703	5	18123333	18123689	2667	5	17828678	17829034
2704	5	7070319	7070675	2665	5	6762152	6762508
2707	5	8023319	8023675	2664	5	7708988	7709344
2712	5	16361533	16361882	2670	5	16216425	16216774
2713	5	5628225	5628607	2622	5	5355944	5356326
2718	5	18904364	18904744	2649	5	18586344	18586724
2719	5	20749583	20749963	2648	5	20343040	20343420
2721	5	1197867	1198242	2606	5	1188326	1188701
2726	5	4357462	4357801	2681	5	4089331	4089670
2737	5	10744956	10745223	2710	5	10417474	10417741
2743	5	17866937	17867238	2702	5	17578327	17578628
2745	5	16558218	16558511	2703	5	16423053	16423346
2751	5	15214071	15214771	2489	5	14869318	14870018
2764	5	6665447	6665694	2728	5	6361898	6362145
2766	5	14009120	14009363	2729	5	13670263	13670506
2767	5	5567983	5568241	2730	5	5296526	5296784
2774	5	3386	3626	2740	5	3386	3626
2787	5	2715199	2715420	2747	5	2572278	2572499
2791	5	2060227	2060464	2749	5	2031789	2032026
2794	5	20547715	20547950	2743	5	20152321	20152556
2799	5	14916029	14916723	2763	5	14572637	14573331
2803	5	19315172	19315390	2768	5	18987970	18988188
2824	5	20396626	20396852	2750	5	20010043	20010269
2828	5	20882385	20882601	2758	5	20475359	20475575
2830	5	5123814	5124030	2753	5	4849983	4850199
2831	5	1094561	1094777	2756	5	1084926	1085142
2849	5	17607428	17607611	2361	5	17333560	17333743
2891	6	15979084	15979298	2839	6	15817525	15817739
2896	6	6571123	6571324	3148	6	6428593	6428794
2902	6	16108042	16108766	2977	6	15946950	15947674
2907	6	16148285	16148487	2869	6	15987150	15987352
2910	6	14459670	14459866	2878	6	14290640	14290836
2915	6	16000365	16000559	2881	6	15838803	15838997
2924	6	14840283	14840470	2853	6	14680145	14680332
2948	6	15287321	15287507	2904	6	15128866	15129052
2954	6	15737385	15737562	2898	6	15572727	15572904
2956	6	1869217	1869405	3151	6	1801117	1801305
2957	6	1396107	1396288	2905	6	1360602	1360783
2962	6	15210248	15210429	2911	6	15052581	15052762
2986	6	2952069	2952235	2929	6	2864201	2864367
2990	6	15666098	15666260	2934	6	15500714	15500876
3003	6	774740	774894	2956	6	744431	744585
3007	6	8657329	8657477	2961	6	8499774	8499922
3020	6	85009	85777	3145	6	68540	69308
3022	6	8872985	8873619	3112	6	8715464	8716098
3023	6	252150	252762	2971	6	230857	231469
3024	6	15852194	15852789	2972	6	15689171	15689766
3025	6	7771839	7772428	2973	6	7617090	7617679
3028	6	13858271	13858847	2980	6	13688983	13689559
3029	6	11829780	11830359	2982	6	11664443	11665022
3030	6	10252306	10252885	2983	6	10090027	10090606
3035	6	15545473	15546050	2993	6	15379299	15379876
3038	6	4797078	4797642	2988	6	4664670	4665234
3042	6	129792	130267	2991	6	111928	112403
3046	6	7028082	7028591	2997	6	6885101	6885610
3047	6	8782689	8783198	2998	6	8625140	8625649
3050	6	3653971	3654441	3010	6	3551608	3552078
3053	6	6888436	6888909	3004	6	6745311	6745784
3059	6	11829851	11830332	3012	6	11664514	11664995
3068	6	10631786	10632232	3027	6	10468520	10468966
3076	6	2939204	2939657	3032	6	2851343	2851796
3081	6	15851735	15852169	3037	6	15688712	15689146
3082	6	14845625	14846058	3038	6	14685496	14685929
3086	6	2334548	2334976	3042	6	2244819	2245247
3093	6	16697322	16697740	3049	6	16536533	16536951
3094	6	15671929	15672346	3050	6	15506570	15506987
3103	6	15757339	15757778	3059	6	15595093	15595532
3105	6	11748965	11749399	3062	6	11583635	11584069
3107	6	4232076	4232474	3073	6	4111476	4111874
3111	6	7421867	7422244	3071	6	7270034	7270411
3112	6	15402257	15402668	3060	6	15244014	15244425
3118	6	15135054	15135433	3079	6	14977344	14977723
3123	6	11063616	11064005	3083	6	10898754	10899143
3126	6	16272085	16272448	3086	6	16111246	16111609
3132	6	149315	149668	3092	6	131588	131941
3144	6	149813	150114	3100	6	132086	132387
3152	6	5753521	5754238	3114	6	5615631	5616348
3156	6	8439131	8439364	3121	6	8283215	8283448
3162	6	15272110	15272335	3124	6	15113599	15113824
3168	6	8720960	8721179	3128	6	8563635	8563854
3175	6	13269299	13269508	3133	6	13101697	13101906
3177	6	6262530	6262748	3134	6	6119480	6119698
3179	6	14687046	14687265	3142	6	14519094	14519313
3199	6	10252363	10252845	3011	6	10090084	10090566
3200	6	11829843	11830290	3013	6	11664506	11664953
3201	6	10252419	10252857	3016	6	10090140	10090578
3202	6	16875074	16875543	3001	6	16715474	16715943
3204	6	15046631	15047066	3158	6	14887999	14888434
3224	1	498562	498670	3198	1	502788	502896
3227	1	782320	782428	3255	1	778034	778142
3234	1	1219201	1219311	3407	1	1209741	1209851
3242	1	1583153	1583255	3200	1	1571489	1571591
3250	1	2007211	2007319	3308	1	2006794	2006902
3259	1	3616341	3616450	3338	1	3584338	3584447
3289	1	888536	888644	3260	1	886146	886254
3304	1	1565020	1565127	3290	1	1552788	1552895
3314	1	2092881	2092987	3312	1	2091710	2091816
3325	1	3285203	3285742	3333	1	3257418	3257957
3384	1	6490729	6490892	6351	5	17738579	17738742
3408	1	5756	5894	3533	1	5362	5500
3423	1	9848271	9848402	3368	1	9828726	9828857
3424	1	9848516	9848647	3368	1	9828726	9828857
3432	1	91864	92040	3237	1	92116	92292
3476	1	1598642	1598751	3201	1	1587207	1587316
3477	1	2090690	2090798	3311	1	2089490	2089598
3492	1	3582	4111	3454	1	3188	3717
3503	1	1532174	1532520	3288	1	1518690	1519036
3517	1	3226944	3227296	3331	1	3199433	3199785
3518	1	3242567	3242930	3332	1	3215121	3215484
3532	1	639076	639185	3251	1	639591	639700
3559	1	14131497	14132004	3710	1	14076842	14077349
3632	1	1185061	1185235	3714	1	1175883	1176057
3654	1	2556903	2557129	3751	1	2523817	2524043
3659	1	14774067	14774318	3755	1	14706267	14706518
3678	1	13774905	13775063	3758	1	13719962	13720120
3760	1	13652111	13652254	3939	1	13596384	13596527
3782	1	14639876	14640189	3617	1	14576626	14576939
3867	1	13555390	13555719	3639	1	13499770	13500099
3915	1	9839553	9839754	3654	1	9820264	9820465
3943	1	448999	449215	3844	1	453414	453630
3945	1	3292450	3292614	3845	1	3264504	3264668
3991	1	13776327	13776626	3945	1	13721386	13721685
3999	2	2597045	2597459	4177	2	2438371	2438785
4003	2	2707625	2707733	4068	2	2554071	2554179
4036	2	1420510	1420785	3988	2	1359480	1359755
4099	2	3833603	3833932	4078	2	3682040	3682369
4105	2	3101389	3101704	4401	2	2962283	2962598
4122	2	14773630	14773802	4224	2	14577733	14577905
4156	2	11943474	11943682	4551	2	11757661	11757869
4243	2	14869251	14869368	4385	2	14668068	14668185
4307	2	9061553	9061714	4300	2	8882989	8883150
4459	3	2038092	2038213	4681	3	1994947	1995068
4502	3	425026	425134	4670	3	402145	402253
4556	3	921013	921388	4749	3	889036	889411
4568	3	319887	320254	4666	3	300002	300369
4569	3	408593	408957	4667	3	385812	386176
4577	3	315532	315695	4732	3	297653	297816
4578	3	414781	414944	4668	3	392165	392328
4617	3	8497585	8497693	4786	3	8404211	8404319
4633	3	415052	415252	4669	3	392436	392636
4719	3	8441533	8441787	4914	3	8347235	8347489
4801	3	10865800	10866108	4933	3	10758887	10759195
4902	3	9979159	9979619	5107	3	9871454	9871914
4988	3	915681	915830	5007	3	883863	884012
4996	3	5755183	5755393	5082	3	5708725	5708935
5023	3	2513318	2513436	5093	3	2473598	2473716
5084	3	11764734	11764922	4895	3	11634018	11634206
5180	4	2128322	2128430	5225	4	2083591	2083699
5183	4	2997090	2997191	5232	4	2904781	2904882
5192	4	13553964	13554071	5278	4	13352482	13352589
5205	4	1439860	1439991	5462	4	1409025	1409156
5223	4	3274836	3274944	5239	4	3182003	3182111
5390	4	16418759	16418889	5510	4	16124343	16124473
5404	4	16512104	16512235	5300	4	16217142	16217273
5406	4	16512596	16512727	5302	4	16217634	16217765
5453	4	6424208	6424409	5201	4	6264703	6264904
5601	4	14662401	14662534	5289	4	14433750	14433883
5607	4	6774829	6775160	5783	4	6609011	6609342
5683	4	3259639	3259809	5726	4	3166749	3166919
5684	4	3298086	3298250	5725	4	3204740	3204904
5854	4	15434414	15434546	5870	4	15194354	15194486
5902	4	3082222	3082340	5987	4	2990136	2990254
5909	4	3678503	3678647	5566	4	3578326	3578470
5992	4	13528882	13529084	5633	4	13326977	13327179
5994	4	3222130	3222299	5635	4	3129231	3129400
6008	4	15374914	15375031	7303	6	1342368	1342485
6097	4	15189916	15190032	5811	4	14956237	14956353
6098	4	15190534	15190650	5811	4	14956237	14956353
6103	4	16867008	16867261	6040	4	16565817	16566070
6112	5	13158393	13158680	6377	5	12822985	12823272
6120	5	2057126	2057249	6404	5	2028680	2028803
6132	5	1030565	1030673	6168	5	1021445	1021553
6134	5	1178157	1178265	6169	5	1168938	1169046
6151	5	3614720	3614827	6202	5	3371004	3371111
6169	5	16781215	16781322	6271	5	16634397	16634504
6219	5	9441728	9441963	6241	5	9116940	9117175
6249	5	18153919	18154027	6282	5	17864610	17864718
6286	5	5916830	5917274	6104	5	5641823	5642267
6323	5	5568006	5568217	6420	5	5296549	5296760
6332	5	19696865	19696975	6291	5	19345745	19345855
6350	5	19711934	19712065	6452	5	19362708	19362839
6368	5	2601087	2601502	6194	5	2459169	2459584
6402	5	16395073	16395181	6442	5	16249994	16250102
6422	5	1982853	1983169	6185	5	1963515	1963831
6433	5	5381519	5381828	6227	5	5109937	5110246
6454	5	17931923	17932236	6278	5	17643044	17643357
6456	5	18300489	18300798	6285	5	18028724	18029033
6549	5	9482844	9482982	6845	5	9157961	9158099
6610	5	2081491	2081703	6641	5	2053159	2053371
6622	5	1405897	1406050	6658	5	1393838	1393991
6650	5	10745353	10745599	6534	5	10417871	10418117
6735	5	7450767	7450899	4593	2	15002316	15002448
6775	5	15408809	15408970	6507	5	15057283	15057444
6781	5	3577459	3578060	6784	5	3336924	3337525
6782	5	19591838	19592427	6785	5	19240479	19241068
6816	5	17223855	17224200	6842	5	17074795	17075140
6819	5	3573331	3573448	6840	5	3333543	3333660
6872	5	7922504	7922621	7303	6	1342368	1342485
6889	5	3692109	3692347	6755	5	3447154	3447392
6891	5	12136482	12136716	6756	5	11806907	11807141
7068	6	14730403	14730516	7053	6	14562249	14562362
7089	6	5740231	5740662	6968	6	5602421	5602852
7214	6	15671988	15672300	7064	6	15506629	15506941
7216	6	16272200	16272331	7078	6	16111361	16111492
7221	6	2637793	2638107	7020	6	2549332	2549646
7325	6	6517776	6517951	7444	6	6374990	6375165
7462	6	11749192	11749401	7344	6	11583862	11584071
7503	6	220695	220827	7470	6	201684	201816
28725	1	1670678	1670872	28538	1	1663975	1664169
28728	1	2534518	2534746	28542	1	2510968	2511196
28729	1	2657115	2657332	28543	1	2629342	2629559
28740	1	9872118	9872590	28554	1	9852330	9852802
28747	1	12798623	12798920	28560	1	12739044	12739341
28750	1	13996345	13996522	28563	1	13935335	13935512
28763	1	13729083	13729244	28575	1	13674301	13674462
28779	1	8094503	8094743	28589	1	8074924	8075164
28780	1	7984118	7984642	28590	1	7964571	7965095
28793	1	3395925	3396167	28602	1	3368314	3368556
28798	1	1808500	1808783	28606	1	1813412	1813695
28805	2	762040	762236	28614	2	736915	737111
28808	2	836231	836436	28617	2	810150	810355
28810	2	1292032	1292292	28619	2	1231667	1231927
28813	2	2444361	2444572	28622	2	2272591	2272802
28814	2	2447645	2447856	28623	2	2275948	2276159
28818	2	3066896	3067085	28628	2	2928967	2929156
28821	2	4362096	4362216	28630	2	4216476	4216596
28833	2	8182241	8182716	28642	2	8005763	8006238
28846	2	15212903	15213217	28655	2	15158304	15158618
28847	2	14857234	14857798	28656	2	14656402	14656966
28860	2	9882291	9882748	28670	2	9702585	9703042
28868	2	4834699	4834885	28678	2	4689823	4690009
28873	2	3032614	3032875	28684	2	2894951	2895212
28877	2	2441317	2441635	28689	2	2269549	2269867
28884	2	1101504	1101776	28696	2	1044040	1044312
28902	3	2663609	2663846	28713	3	2622453	2622690
28908	3	3202147	3202374	28720	3	3157645	3157872
28912	3	3368407	3368929	28724	3	3322880	3323402
28919	3	5483831	5483996	28732	3	5437664	5437829
28925	3	8015691	8015934	28739	3	7921300	7921543
28927	3	8264121	8264382	28741	3	8169648	8169909
28934	3	11537622	11537812	28748	3	11421730	11421920
28942	3	13199304	13199731	28750	3	12595412	12595839
28948	3	11703493	11703640	28753	3	11572674	11572821
28957	3	7011662	7012081	28764	3	6963614	6964033
28970	3	3074520	3074714	28777	3	3031226	3031420
28984	4	1475488	1475690	28791	4	1444711	1444913
28989	4	2751960	2752278	28797	4	2663065	2663383
28990	4	2986953	2987161	28798	4	2895215	2895423
28991	4	3998667	3998871	28799	4	3901348	3901552
28997	4	6672788	6672995	28803	4	6512522	6512729
28998	4	6754170	6754490	28805	4	6588348	6588668
29004	4	8442947	8443450	28811	4	8272589	8273092
29007	4	9912582	9912942	28814	4	9741114	9741474
29008	4	9927041	9927613	28815	4	9755573	9756145
29011	4	10719220	10719831	28818	4	10548902	10549513
29018	4	13679128	13679316	28825	4	13474540	13474728
29027	4	17112577	17112990	28832	4	16811595	16812008
29035	4	13416487	13416725	28840	4	13219489	13219727
29036	4	12939343	12939488	28841	4	12751963	12752108
29044	4	7732267	7732753	28849	4	7561976	7562462
29058	4	1481158	1481308	28862	4	1450383	1450533
29075	5	6342616	6342754	28876	5	6048786	6048924
29090	5	11839028	11839238	28890	5	11510612	11510822
29094	5	13954985	13955519	28894	5	13617802	13618336
29095	5	14646803	14647305	28895	5	14303270	14303772
29105	5	17706472	17706800	28903	5	17422880	17423208
29106	5	17707262	17707422	28904	5	17423670	17423830
29108	5	17954159	17954323	28906	5	17665356	17665520
29113	5	19198297	19198445	28913	5	18878300	18878448
29132	5	20655746	20655959	28928	5	20249040	20249253
29136	5	20139385	20139627	28933	5	19782136	19782378
29137	5	20057429	20057748	28934	5	19698918	19699237
29147	5	19082520	19082670	28942	5	18765621	18765771
29159	5	16194227	16194574	28956	5	16061686	16062033
29165	5	12814935	12815086	28964	5	12479317	12479468
29178	5	7891906	7892107	28977	5	7580181	7580382
29181	5	5812764	5813079	28980	5	5537629	5537944
29198	6	1880997	1881326	28997	6	1813169	1813498
29199	6	2503351	2503504	28999	6	2414052	2414205
29202	6	2940643	2940784	29002	6	2852782	2852923
29205	6	4416110	4416404	29004	6	4285069	4285363
29207	6	4750360	4750539	29006	6	4617951	4618130
29218	6	7794985	7795205	29014	6	7639492	7639712
29219	6	8036838	8037044	29015	6	7880740	7880946
29232	6	14379261	14379466	29027	6	14211241	14211446
29235	6	15401170	15401482	29030	6	15242924	15243236
29243	6	12904216	12904801	29041	6	12736535	12737120
29246	6	11755262	11755640	29045	6	11589958	11590336
29249	6	10929143	10929681	29048	6	10764783	10765321
29254	6	9962613	9963094	29054	6	9800462	9800943
29256	6	8823059	8823458	29056	6	8665415	8665814
29262	6	5785356	5785743	29061	6	5647234	5647621
29269	6	2666395	2666661	29067	6	2577928	2578194
29270	6	2475849	2475984	29068	6	2386541	2386676
29272	6	1874862	1875016	29070	6	1806761	1806915
29280	1	69809	70315	29078	1	70049	70555
29282	1	125000	125213	29080	1	125361	125574
29290	1	485375	485508	29087	1	489645	489778
29291	1	619977	620601	29088	1	621556	622180
29292	1	695468	695610	29090	1	692538	692680
29294	1	800529	800678	29092	1	796063	796212
29295	1	797703	797925	29093	1	793235	793457
29296	1	911678	912046	29094	1	908471	908839
29301	1	1026475	1026869	29097	1	1022498	1022892
29306	1	1546072	1546205	29103	1	1532769	1532902
29311	1	1760393	1760651	29106	1	1751869	1752127
29317	1	1942804	1943011	29112	1	1941640	1941847
29322	1	2181320	2181529	29116	1	2178507	2178716
29328	1	2430101	2430310	29122	1	2411007	2411216
29333	1	2750037	2750341	29129	1	2724049	2724353
29339	1	3159352	3159540	29134	1	3132027	3132215
29348	1	3649260	3649442	29145	1	3617370	3617552
29360	1	4240867	4241049	29153	1	4211047	4211229
29361	1	4416751	4417206	29157	1	4398654	4399109
29365	1	4647729	4647917	29161	1	4631276	4631464
29386	1	5894688	5895149	29179	1	5878774	5879235
29407	1	7642757	7643371	29202	1	7625809	7626423
29426	1	8736133	8736298	29219	1	8708144	8708309
29431	1	9210797	9211241	29223	1	9183478	9183922
29440	1	9518278	9518482	30203	4	16461418	16461622
29444	1	9612167	9612539	29237	1	9591059	9591431
29462	1	10821819	10822218	29256	1	10800822	10801221
29469	1	11227423	11227704	29263	1	11205036	11205317
29471	1	11159302	11159815	29260	1	11135443	11135956
29482	1	11849628	11849887	29275	1	11798425	11798684
29484	1	11919866	11920173	29276	1	11858956	11859263
29491	1	12263844	12264142	29283	1	12198116	12198414
29495	1	12545197	12545558	29286	1	12478006	12478367
29496	1	12558637	12558888	29287	1	12491447	12491698
29504	1	12950906	12951149	29295	1	12889849	12890092
29513	1	13382159	13382489	29304	1	13325070	13325400
29519	1	13608497	13608985	29310	1	13551344	13551832
29520	1	13556994	13557278	29309	1	13501375	13501659
29524	1	13643597	13644080	29314	1	13589171	13589654
29531	1	13935262	13935430	29321	1	13876981	13877149
29541	1	14324396	14324512	29330	1	14264129	14264245
29542	1	14286735	14287101	29331	1	14227575	14227941
29553	1	14547650	14547855	29339	1	14485416	14485621
29572	2	477907	478109	29358	2	460607	460809
29583	2	814266	814582	29370	2	788256	788572
29598	2	1149470	1149710	29379	2	1090894	1091134
29603	2	1380883	1381077	29390	2	1319980	1320174
29622	2	2126345	2126636	29408	2	1953256	1953547
29629	2	2441075	2441332	29419	2	2269307	2269564
29631	2	2533722	2533945	29421	2	2364761	2364984
29632	2	2654335	2654510	29422	2	2498646	2498821
29650	2	3450435	3450859	29439	2	3291418	3291842
29652	2	3721924	3722423	29443	2	3574329	3574828
29655	2	4023011	4023170	29447	2	3882692	3882851
29664	2	4509528	4509699	29452	2	4363820	4363991
29680	2	6063209	6063411	29469	2	5910824	5911026
29684	2	6328471	6328852	29473	2	6176265	6176646
29698	2	7138160	7138726	29485	2	6979186	6979752
29700	2	7234527	7234839	29487	2	7065431	7065743
29711	2	7749422	7749748	29499	2	7571359	7571685
29723	2	8492963	8493139	29509	2	8314889	8315065
29732	2	9165280	9165582	29520	2	8986807	8987109
29762	2	11731370	11731548	29550	2	11546497	11546675
29765	2	11856287	11856541	29552	2	11670555	11670809
29774	2	12165466	12165852	29561	2	11979605	11979991
29783	2	12377994	12378128	29567	2	12191053	12191187
29808	2	13877372	13877720	29593	2	13702442	13702790
29818	2	14428030	14428192	29602	2	14239552	14239714
29819	2	14537289	14537475	29603	2	14348277	14348463
29820	2	14607836	14608023	29604	2	14424903	14425090
29831	2	15109931	15110107	29612	2	14903646	14903822
29832	2	15230598	15230794	29617	2	15175161	15175357
29833	2	15230415	15230622	29618	2	15174978	15175185
29853	3	984303	984489	29641	3	959003	959189
29856	3	1051891	1052096	29643	3	1027654	1027859
29868	3	1412888	1413058	29649	3	1369848	1370018
29879	3	1745419	1745613	29663	3	1702680	1702874
29895	3	2134998	2135169	29677	3	2093308	2093479
29902	3	2312200	2312428	29685	3	2269585	2269813
29913	3	2727577	2727719	29702	3	2685883	2686025
29915	3	2698884	2699019	29699	3	2657561	2657696
29922	3	2894652	2894877	29704	3	2849651	2849876
29927	3	3053430	3053629	29713	3	3008802	3009001
29928	3	3054973	3055121	29714	3	3010516	3010664
29947	3	3304308	3304472	29736	3	3258271	3258435
29949	3	3294904	3295051	29738	3	3248865	3249012
29950	3	3267597	3267853	29733	3	3222592	3222848
29951	3	3368404	3368734	29739	3	3322877	3323207
29954	3	3578548	3578766	29742	3	3532626	3532844
30021	3	7337458	7337603	29808	3	7291272	7291417
30022	3	7349166	7349706	29809	3	7303093	7303633
30027	3	7752007	7752351	29814	3	7658157	7658501
30035	3	8546521	8546680	29821	3	8453322	8453481
30039	3	8659987	8660159	29826	3	8565326	8565498
30042	3	9116842	9117382	29828	3	9010073	9010613
30053	3	9749697	9749877	29839	3	9642368	9642548
30067	3	10686758	10687055	29852	3	10579262	10579559
30077	3	11304355	11304513	29863	3	11196242	11196400
30087	3	11637333	11637694	29873	3	11509482	11509843
30120	3	13009273	13009457	29882	3	12408194	12408378
30139	4	823220	823421	29902	4	809568	809769
30142	4	881356	881506	29905	4	868174	868324
30155	4	1468001	1468212	29919	4	1437162	1437373
30157	4	1471386	1471577	29922	4	1440547	1440738
30159	4	1469127	1469435	29924	4	1438289	1438597
30169	4	1630835	1630978	29931	4	1595145	1595288
30174	4	1922317	1922505	29937	4	1884004	1884192
30188	4	2766109	2766378	29952	4	2674797	2675066
30189	4	2766990	2767182	29953	4	2675679	2675871
30195	4	3025154	3025314	29959	4	2933723	2933883
30202	4	3525337	3525471	29967	4	3425415	3425549
30212	4	4199162	4199423	29977	4	4059948	4060209
30229	4	4933093	4933318	29988	4	4787741	4787966
30238	4	5434312	5434516	29999	4	5278609	5278813
30258	4	6621005	6621204	30023	4	6460993	6461192
30275	4	7328497	7328668	30032	4	7162221	7162392
30283	4	7698534	7698884	30045	4	7528213	7528563
30286	4	7838531	7838709	30049	4	7668185	7668363
30303	4	9002853	9003258	30064	4	8831851	8832256
30346	4	10962311	10962550	30107	4	10792028	10792267
30355	4	11319422	11319620	30116	4	11149179	11149377
30370	4	12267643	12267948	30131	4	12090131	12090436
30376	4	13065204	13065352	30141	4	12878198	12878346
30379	4	13241996	13242211	30144	4	13049045	13049260
30386	4	13651211	13651354	30153	4	13449841	13449984
30393	4	13941229	13941512	30159	4	13729263	13729546
30403	4	14763195	14763633	30164	4	14535547	14535985
30406	4	14856963	14857137	30165	4	14629544	14629718
30410	4	15172041	15172248	30174	4	14937901	14938108
30426	4	15973907	15974096	30188	4	15736730	15736919
30429	4	16040811	16040956	30191	4	15802944	15803089
30434	4	16396658	16396811	30194	4	16102325	16102478
30435	4	16556719	16556917	30198	4	16261397	16261595
30442	4	16772998	16773186	30204	4	16471525	16471713
30450	4	17361295	17361554	30215	4	17056668	17056927
30451	4	17364474	17364733	30217	4	17059847	17060106
30459	5	207986	208192	30225	5	208228	208434
30463	5	333202	333393	30229	5	331919	332110
30469	5	821975	822580	30235	5	816726	817331
30470	5	824574	824863	30236	5	818285	818574
30471	5	883705	883874	30237	5	876987	877156
30489	5	1807567	1807966	30251	5	1789153	1789552
30496	5	2074487	2074715	30258	5	2046100	2046328
30500	5	2227346	2227544	30259	5	2198383	2198581
30517	5	2960090	2960549	30280	5	2812691	2813150
30524	5	3482768	3482957	30287	5	3240504	3240693
30527	5	3542529	3542908	30286	5	3301553	3301932
30530	5	3726168	3726524	30290	5	3480899	3481255
30538	5	4077354	4077472	30296	5	3822498	3822616
30546	5	4475557	4475782	30305	5	4207427	4207652
30560	5	4986723	4986881	30319	5	4712002	4712160
30567	5	5520928	5521376	30327	5	5249465	5249913
30572	5	5663602	5663800	30332	5	5389331	5389529
30578	5	5949555	5949737	30338	5	5674472	5674654
30582	5	6288455	6288940	30342	5	5994825	5995310
30590	5	6462475	6462622	30348	5	6160655	6160802
30700	5	12685399	12685522	30462	5	12349414	12349537
30706	5	13031059	13031333	30467	5	12695436	12695710
30731	5	14714175	14714528	30493	5	14370628	14370981
30744	5	15461813	15462037	30502	5	15108803	15109027
30745	5	15478813	15478974	30503	5	15126365	15126526
30767	5	16791174	16791373	30523	5	16645396	16645595
30768	5	16828452	16828585	30526	5	16682745	16682878
30769	5	16832746	16832882	30527	5	16687037	16687173
30772	5	16889590	16889761	30528	5	16776422	16776593
30783	5	17713368	17713603	30537	5	17445655	17445890
30789	5	17806079	17806303	30547	5	17539292	17539516
30793	5	17897830	17897971	30556	5	17608865	17609006
30814	5	18752474	18752660	30584	5	18439347	18439533
30815	5	18748240	18748380	30585	5	18436164	18436304
30818	5	18850258	18850456	30589	5	18533237	18533435
30820	5	18922337	18922593	30591	5	18601048	18601304
30822	5	18950490	18950671	30594	5	18629701	18629882
30823	5	18947860	18947981	30595	5	18627151	18627272
30828	5	19084012	19084207	30599	5	18767084	18767279
30843	5	19231170	19231318	30617	5	18909647	18909795
30845	5	19149883	19150218	30612	5	18827649	18827984
30858	5	19581585	19581805	30626	5	19230226	19230446
30877	5	19869981	19870322	30646	5	19515452	19515793
30881	5	19961460	19961740	30647	5	19595003	19595283
30885	5	20057851	20058078	30655	5	19699340	19699567
30892	5	20081571	20081770	30654	5	19723128	19723327
30897	5	20280457	20280598	30664	5	19895906	19896047
30925	5	20846499	20846668	30685	5	20439487	20439656
30926	5	20890532	20890708	30686	5	20483507	20483683
30930	6	54797	54953	30691	6	42140	42296
30931	6	145420	145625	30692	6	127708	127913
30935	6	325546	325817	30697	6	294039	294310
30942	6	746687	746926	30701	6	716198	716437
30958	6	1444802	1445062	30721	6	1406860	1407120
30976	6	2393427	2394031	30738	6	2303818	2304422
30981	6	2666409	2666663	30743	6	2577942	2578196
30989	6	3316657	3316816	30750	6	3221358	3221517
31001	6	4120229	4120613	30761	6	3999827	4000211
31003	6	4249523	4249780	30763	6	4128895	4129152
31011	6	4378157	4378572	30774	6	4247141	4247556
31015	6	4642887	4643319	30775	6	4510944	4511376
31045	6	6354081	6354315	30802	6	6211011	6211245
31052	6	6752171	6752380	30807	6	6610019	6610228
31064	6	7676506	7676722	30819	6	7521801	7522017
31081	6	8637005	8637247	30836	6	8479749	8479991
31086	6	8785736	8785860	30840	6	8628187	8628311
31094	6	9195336	9195528	30850	6	9035083	9035275
31107	6	9774157	9774452	30860	6	9612016	9612311
31147	6	13057908	13058503	30907	6	12890208	12890803
31148	6	13002590	13002758	30903	6	12834773	12834941
31194	6	15861128	15861623	30952	6	15698157	15698652
31201	6	16383771	16383938	30961	6	16222934	16223101
31206	6	16624355	16624661	30964	6	16463592	16463898
31215	6	17311068	17311655	30971	6	17154833	17155420
31241	1	431415	432362	30999	1	435876	436823
31263	1	739953	741258	31019	1	736489	737794
31269	1	888762	889694	31027	1	886372	887304
31273	1	948791	950180	31032	1	943471	944860
31274	1	952876	954159	31033	1	947563	948846
31277	1	1020656	1021306	31037	1	1015944	1016594
31282	1	1042832	1043648	31043	1	1036772	1037588
31331	1	1581100	1581853	31089	1	1569432	1570185
31341	1	1670541	1671529	31097	1	1663838	1664826
31371	1	2058287	2062617	31127	1	2057191	2061521
31373	1	2074782	2075397	31129	1	2073689	2074304
31382	1	2146491	2147540	31137	1	2144747	2145796
31387	1	2211717	2213457	31143	1	2208748	2210488
31392	1	2291580	2292310	31147	1	2287934	2288664
31404	1	2417939	2419334	31156	1	2398854	2400249
31405	1	2427586	2428529	31157	1	2408492	2409435
31424	1	2881141	2881804	31176	1	2854742	2855405
31434	1	3066142	3066840	31186	1	3039746	3040444
31439	1	3169274	3170090	31191	1	3141949	3142765
31443	1	3234762	3235538	31195	1	3207235	3208011
31466	1	3776005	3777268	31217	1	3747574	3748837
31467	1	3868567	3870398	31218	1	3839214	3841045
31471	1	4164064	4165885	31222	1	4134524	4136345
31474	1	4719591	4722051	31225	1	4704472	4706932
31478	1	4994822	4995916	31230	1	4979796	4980890
31479	1	5107575	5108904	31231	1	5092515	5093844
31481	1	5292363	5293875	31233	1	5277433	5278945
31483	1	5385852	5386649	31235	1	5370955	5371752
31485	1	5610988	5612296	31237	1	5595192	5596500
31499	1	6607654	6609226	31250	1	6591046	6592618
31501	1	6740574	6741947	31252	1	6724006	6725379
31502	1	6779556	6780443	31253	1	6762988	6763875
31515	1	8946002	8947403	31268	1	8918810	8920211
31523	1	9588953	9590649	31276	1	9561256	9562952
31526	1	9633311	9634581	31279	1	9613304	9614574
31534	1	10818001	10825606	31287	1	10797004	10804609
31535	1	10851979	10853407	31288	1	10830993	10832421
31542	1	11149480	11150078	31295	1	11125664	11126262
31550	1	11308290	11309230	31302	1	11288016	11288956
31561	1	11632174	11633306	31312	1	11584221	11585353
31579	1	12011701	12012608	31326	1	11946167	11947074
31586	1	12193393	12194095	31334	1	12125157	12125859
31593	1	12466349	12466961	31342	1	12400827	12401439
31607	1	13153807	13154561	31355	1	13092153	13092907
31615	1	13460005	13461895	31364	1	13406286	13408176
31621	1	13522179	13523045	31370	1	13466981	13467847
31627	1	13588227	13589039	31375	1	13531069	13531881
31654	1	14135515	14137363	31404	1	14080588	14082436
31659	1	14258183	14259595	31408	1	14199143	14200555
31670	1	14405487	14406111	31417	1	14341697	14342321
31674	1	14513169	14514008	31420	1	14450667	14451506
31675	1	14534119	14534857	31421	1	14472284	14473022
31679	1	14602534	14603431	31427	1	14539339	14540236
31681	1	14635029	14635761	31429	1	14571771	14572503
31700	1	10819859	10822740	31450	1	10798862	10801743
31701	1	10762026	10764985	31451	1	10741007	10743966
31703	1	5107612	5108766	31453	1	5092552	5093706
31711	1	3330142	3331163	31457	1	3302523	3303544
31729	1	1333947	1336354	31468	1	1323623	1326030
31758	2	588060	590042	31493	2	567337	569319
31765	2	701267	704175	31498	2	677190	680098
31787	2	1383894	1385793	31519	2	1322990	1324889
31791	2	1445384	1447382	31525	2	1383450	1385448
31847	2	2693189	2695695	31568	2	2539656	2542162
31848	2	2751247	2752205	31569	2	2599654	2600612
31856	2	2913340	2913934	31577	2	2764732	2765326
31868	2	3105077	3105686	31588	2	2966238	2966847
31888	2	3780913	3782528	31606	2	3628813	3630428
31898	2	4077911	4078691	31615	2	3937719	3938499
31900	2	4256634	4257222	31617	2	4111250	4111838
31901	2	4352013	4352823	31618	2	4206366	4207176
31902	2	4450475	4451251	31619	2	4304693	4305469
31907	2	5114420	5115892	31624	2	4971703	4973175
31914	2	5556878	5557591	31631	2	5413480	5414193
31924	2	6255033	6255958	31640	2	6102780	6103705
31928	2	6452561	6454116	31644	2	6300368	6301923
31931	2	6715427	6716367	31646	2	6562179	6563119
31932	2	6749418	6749944	31647	2	6596163	6596689
31936	2	7016649	7019005	31651	2	6860094	6862450
31940	2	7221947	7224976	31653	2	7052854	7055883
31942	2	7383648	7384300	31654	2	7214647	7215299
31958	2	8881288	8882901	31667	2	8703062	8704675
31961	2	9393236	9397080	31670	2	9214566	9218410
31965	2	9649263	9650174	31673	2	9470883	9471794
31968	2	9815776	9824269	31675	2	9636359	9644852
31972	2	10053154	10054507	31679	2	9872875	9874228
31979	2	10584790	10586080	31684	2	10402442	10403732
31980	2	10743587	10746667	31685	2	10560278	10563358
31983	2	11219542	11221167	31688	2	11032934	11034559
31986	2	11355833	11356637	31691	2	11169658	11170462
31997	2	12102458	12103027	31703	2	11916744	11917313
32038	2	13147011	13147814	31742	2	12964543	12965346
32055	2	13434822	13435522	31759	2	13247944	13248644
32066	2	13604084	13605388	31768	2	13406963	13408267
32069	2	13710917	13711832	31772	2	13524510	13525425
32071	2	13754710	13755680	31774	2	13568487	13569457
32086	2	14119045	14120408	31788	2	13943330	13944693
32110	2	14905547	14906825	31814	2	14705545	14706823
32119	2	15104670	15105455	31823	2	14898384	14899169
32128	2	15282027	15282924	31837	2	15227383	15228280
32135	2	13604250	13605212	31852	2	13407129	13408091
32151	2	4077983	4078622	31861	2	3937791	3938430
32175	3	302615	303413	31888	3	285368	286166
32179	3	354932	357787	31892	3	332532	335387
32181	3	404552	405408	31894	3	381769	382625
32192	3	868660	869574	31903	3	836643	837557
32214	3	1337535	1339517	31927	3	1304858	1306840
32230	3	1575922	1576809	31944	3	1532518	1533405
32232	3	1593440	1594753	31946	3	1550626	1551939
32238	3	1685579	1688691	31952	3	1643397	1646509
32244	3	1791702	1792780	31957	3	1750507	1751585
32252	3	1950034	1952647	31965	3	1906498	1909111
32265	3	2251704	2252419	31979	3	2209378	2210093
32291	3	2999265	3000571	32005	3	2953487	2954793
32299	3	3140696	3142321	32015	3	3097264	3098889
32300	3	3172668	3173770	32016	3	3128912	3130014
32312	3	3530070	3531518	32027	3	3484133	3485581
32314	3	3849472	3851465	32029	3	3805238	3807231
32326	3	5595604	5603039	32040	3	5549122	5556557
32328	3	5803912	5805520	32042	3	5757427	5759035
32335	3	6556383	6557295	32049	3	6509436	6510348
32338	3	6701914	6702874	32052	3	6654010	6654970
32340	3	6931028	6932952	32054	3	6883199	6885123
32344	3	7168181	7169454	32058	3	7120131	7121404
32357	3	8607002	8607743	32070	3	8512514	8513255
32364	3	9467485	9469457	32076	3	9359925	9361897
32380	3	11169172	11169932	32091	3	11061928	11062688
32382	3	11183433	11184328	32093	3	11076082	11076977
32387	3	11313980	11314780	32098	3	11205868	11206668
32410	3	11764818	11765408	32120	3	11634102	11634692
32456	3	12547578	12548605	32137	3	11868373	11869400
32462	3	12642093	12644741	32145	3	11963223	11965871
32492	3	13156656	13158362	32178	3	12551541	12553247
32501	3	13229502	13230410	32187	3	12619708	12620616
32508	3	13338494	13339172	32194	3	12729471	12730149
32521	3	13018026	13022644	32206	3	12416949	12421567
32543	3	2098712	2099876	32222	3	2052369	2053533
32562	4	181621	185090	32244	4	184782	188251
32575	4	1030782	1031513	32260	4	1013168	1013899
32618	4	1874239	1875345	32297	4	1835757	1836863
32621	4	1935686	1936310	32299	4	1895019	1895643
32623	4	1984986	1987376	32301	4	1942985	1945375
32641	4	2170078	2171002	32319	4	2125090	2126014
32680	4	2680962	2681639	32357	4	2597284	2597961
32681	4	2686951	2687675	32358	4	2603279	2604003
32698	4	2953760	2954672	32374	4	2861655	2862567
32699	4	2986876	2987487	32375	4	2895138	2895749
32706	4	3070067	3070969	32383	4	2977982	2978884
32707	4	3094507	3095344	32384	4	3002333	3003170
32723	4	3582958	3583750	32398	4	3481956	3482748
32733	4	4097231	4098002	32410	4	3999686	4000457
32734	4	4106665	4107628	32411	4	4009164	4010127
32744	4	4474462	4475429	32421	4	4336419	4337386
32750	4	4933052	4933735	32426	4	4787700	4788383
32754	4	5294816	5298488	32431	4	5139185	5142857
32756	4	5312674	5316967	32433	4	5156943	5161236
32759	4	5455231	5456563	32436	4	5299477	5300809
32763	4	5845870	5849064	32440	4	5688261	5691455
32771	4	6515681	6516565	32446	4	6355755	6356639
32778	4	6966460	6969244	32453	4	6800755	6803539
32788	4	7702302	7703578	32464	4	7531981	7533257
32789	4	7947116	7948544	32465	4	7776713	7778141
32806	4	9028552	9030165	32481	4	8857554	8859167
32811	4	9595508	9597510	32486	4	9424926	9426928
32818	4	10142844	10144460	32493	4	9972819	9974435
32819	4	10308013	10309596	32494	4	10136548	10138131
32820	4	10532096	10537550	32495	4	10361762	10367216
32822	4	10707586	10709304	32498	4	10537268	10538986
32825	4	11197847	11202263	32501	4	11027582	11031998
32829	4	11660334	11661870	32506	4	11488238	11489774
32837	4	12607697	12609249	32514	4	12422526	12424078
32862	4	13689044	13690118	32538	4	13484461	13485535
32869	4	14134834	14136296	32544	4	13918486	13919948
32886	4	15212767	15214404	32559	4	14977600	14979237
32904	4	15641416	15643919	32577	4	15410602	15413105
32944	4	16862875	16864740	32618	4	16561692	16563557
32946	4	16917636	16918690	32620	4	16617780	16618834
32948	4	16976671	16977767	32622	4	16675930	16677026
32957	4	17167377	17169067	32631	4	16862135	16863825
32975	4	3157362	3158175	32654	4	3064794	3065607
32997	5	45851	47544	32668	5	45966	47659
33000	5	160800	161473	32671	5	161030	161703
33003	5	182013	183581	32674	5	182254	183822
33007	5	214571	215572	32678	5	214739	215740
33052	5	1269329	1270403	32716	5	1258461	1259535
33055	5	1330857	1331581	32719	5	1319700	1320424
33056	5	1344959	1348715	32720	5	1333804	1337560
33080	5	1867835	1868463	32740	5	1847808	1848436
33132	5	3162951	3163859	32786	5	3009089	3009997
33147	5	3701398	3702095	32800	5	3456173	3456870
33159	5	3992612	3994096	32808	5	3741615	3743099
33168	5	4216550	4217504	32816	5	3960716	3961670
33186	5	4891517	4896286	32834	5	4616969	4621738
33188	5	5004253	5005242	32836	5	4729658	4730647
33197	5	5604514	5605694	32841	5	5332282	5333462
33208	5	6971229	6971997	32850	5	6664281	6665049
33214	5	7311261	7312537	32855	5	7003208	7004484
33217	5	7529711	7531453	32858	5	7224266	7226008
33227	5	8160159	8161461	32865	5	7845751	7847053
33230	5	8487673	8498738	32868	5	8171040	8182105
33235	5	8701031	8702590	32874	5	8384830	8386389
33243	5	9102914	9103981	32883	5	8776864	8777931
33244	5	9237860	9239133	32884	5	8914433	8915706
33246	5	9490638	9491786	32886	5	9165730	9166878
33247	5	9630946	9633643	32887	5	9304512	9307209
33248	5	9636569	9639550	32888	5	9310135	9313116
33250	5	9810382	9811863	32890	5	9484011	9485492
33256	5	10295850	10297466	32896	5	9968741	9970357
33262	5	10705271	10706181	32902	5	10377978	10378888
33265	5	10997627	10999226	32905	5	10670701	10672300
33269	5	11165624	11167037	32909	5	10838531	10839944
33271	5	11336515	11338132	32911	5	11009486	11011103
33284	5	13149991	13150924	32923	5	12814583	12815516
33289	5	13485868	13487016	32927	5	13149839	13150987
33290	5	13522122	13524830	32928	5	13186168	13188876
33299	5	14337409	14342644	32937	5	13996706	14001941
33301	5	14378885	14380170	32939	5	14036252	14037537
33303	5	14728903	14730515	32942	5	14385354	14386966
33322	5	15659942	15661329	32961	5	15311347	15312734
33337	5	16454511	16456172	32981	5	16309309	16310970
33351	5	16839694	16840477	32996	5	16693990	16694773
33417	5	18125725	18126523	33052	5	17831073	17831871
33432	5	18345042	18345896	33063	5	18046335	18047189
33449	5	18592969	18593990	33079	5	18286837	18287858
33489	5	19364246	19365179	33116	5	19024640	19025573
33498	5	19574398	19577356	33125	5	19223035	19225993
33526	5	20199821	20200466	33154	5	19819119	19819764
33544	5	20885140	20885919	33173	5	20478115	20478894
33567	5	18433378	18436971	33192	5	18129537	18133130
33590	5	4757609	4758276	33219	5	4490318	4490985
33605	5	2080929	2081708	33230	5	2052597	2053376
33636	6	654052	655689	33256	6	623566	625203
33638	6	1012451	1013150	33258	6	982118	982817
33643	6	1413070	1414331	33263	6	1374836	1376097
33645	6	1585567	1587697	33265	6	1546306	1548436
33646	6	1609381	1610548	33266	6	1570065	1571232
33651	6	1735074	1736638	33271	6	1695829	1697393
33659	6	1970802	1971736	33277	6	1888132	1889066
33662	6	2037735	2038639	33280	6	1948357	1949261
33663	6	2175630	2176562	33281	6	2085752	2086684
33674	6	3212149	3212998	33291	6	3116839	3117688
33680	6	4088840	4089636	33297	6	3968688	3969484
33682	6	4210237	4211625	33299	6	4089595	4090983
33697	6	6849608	6850518	33311	6	6707391	6708301
33700	6	7111954	7112820	33314	6	6969231	6970097
33701	6	7186573	7187657	33315	6	7043866	7044950
33702	6	7313629	7314214	33316	6	7170725	7171310
33708	6	8069932	8070728	33321	6	7914197	7914993
33709	6	8146053	8148052	33322	6	7990454	7992453
33711	6	8250727	8258834	33324	6	8094561	8102668
33713	6	8343273	8344137	33327	6	8187183	8188047
33716	6	8633540	8634489	33330	6	8476304	8477253
33729	6	9481093	9482029	33343	6	9319493	9320429
33731	6	10367345	10368009	33345	6	10205052	10205716
33734	6	10853959	10854879	33348	6	10689688	10690608
33751	6	13463757	13464701	33365	6	13296284	13297228
33753	6	13588297	13589298	33367	6	13420807	13421808
33763	6	14078940	14079799	33377	6	13912155	13913014
33764	6	14149389	14150069	33378	6	13982284	13982964
33765	6	14189844	14190928	33379	6	14022895	14023979
33766	6	14223776	14224900	33380	6	14056324	14057448
33769	6	14381881	14382790	33382	6	14213860	14214769
33772	6	14756926	14758176	33385	6	14589115	14590365
33778	6	15151326	15152182	33391	6	14993630	14994486
33780	6	15466667	15467268	33393	6	15300781	15301382
33797	6	15968568	15974303	33411	6	15806803	15812538
33804	6	16187871	16188772	33419	6	16026686	16027587
33812	6	16366708	16367500	33426	6	16205872	16206664
33813	6	16475770	16476686	33427	6	16315033	16315949
33821	6	16929773	16930904	33435	6	16770648	16771779
33822	6	16971918	16973461	33436	6	16816027	16817570
33833	6	17564103	17566527	33448	6	17409874	17412298
33879	1	11883	12353	33486	1	11473	11943
33906	1	361719	361944	33513	1	367273	367498
33908	1	369245	369461	33514	1	374806	375022
33936	1	524960	525136	33550	1	529208	529384
33937	1	524997	525102	33551	1	529245	529350
33955	1	581212	581500	33566	1	585774	586062
33962	1	598185	598594	33576	1	602660	603069
33970	1	614090	614414	33584	1	615826	616150
33972	1	616230	616409	33586	1	617956	618135
33977	1	645220	645375	33589	1	645673	645828
33978	1	647395	647625	33590	1	647851	648081
33982	1	653514	653703	33594	1	653077	653266
34000	1	707079	707306	33611	1	703673	703900
34005	1	721088	721303	33614	1	717587	717802
34020	1	754337	754502	692	1	750372	750537
34038	1	838442	838619	33648	1	834701	834878
34049	1	901829	902402	33657	1	898729	899302
34066	1	922550	922720	33671	1	918659	918829
34084	1	1001812	1002030	33689	1	997269	997487
34088	1	1008139	1008380	33696	1	1003584	1003825
34090	1	1011486	1011712	33700	1	1006953	1007179
34096	1	1057002	1057344	33713	1	1050918	1051260
34128	1	1163676	1164422	33743	1	1155306	1156052
34160	1	1231985	1232179	33772	1	1222568	1222762
34185	1	1312872	1313120	33794	1	1302125	1302373
34226	1	1410260	1410418	33839	1	1399507	1399665
34231	1	1412681	1412904	33841	1	1402048	1402271
34255	1	1469035	1469255	33860	1	1458021	1458241
34257	1	1476758	1476999	33863	1	1465675	1465916
34302	1	1548318	1548539	33897	1	1535007	1535228
34322	1	1575222	1575327	33923	1	1563626	1563731
34326	1	1582260	1582499	33929	1	1570593	1570832
34330	1	1613301	1613513	33942	1	1601118	1601330
34338	1	1630876	1631028	33953	1	1619579	1619731
34369	1	1726254	1726437	33996	1	1721170	1721353
34384	1	1774711	1774879	34009	1	1765285	1765453
34388	1	1777929	1778104	34011	1	1768492	1768667
34390	1	1785680	1786253	34013	1	1776112	1776685
34396	1	1810711	1810940	34020	1	1815623	1815852
34411	1	1860772	1860918	34040	1	1862585	1862731
34416	1	1875450	1875673	34045	1	1877208	1877431
34420	1	1885840	1886468	34052	1	1887581	1888209
34434	1	1914278	1914430	34069	1	1918141	1918293
34457	1	1975917	1976094	34096	1	1975722	1975899
34481	1	2032988	2033213	34133	1	2032065	2032290
34491	1	2087858	2088208	34154	1	2086648	2086998
34492	1	2088387	2088607	34155	1	2087176	2087396
34499	1	2094841	2095018	34164	1	2093667	2093844
34542	1	2326550	2326887	34210	1	2322934	2323271
34552	1	2395162	2395294	34222	1	2376068	2376200
34558	1	2428394	2428631	34233	1	2409300	2409537
34565	1	2469467	2469793	34241	1	2450429	2450755
34575	1	2600724	2601017	34253	1	2576155	2576448
34586	1	2651242	2651369	34261	1	2626186	2626313
34593	1	2701479	2701722	34268	1	2674058	2674301
34606	1	2782384	2782703	34276	1	2756575	2756894
34609	1	2839629	2839817	34280	1	2813527	2813715
34615	1	2880668	2880826	34289	1	2854268	2854426
34632	1	2962788	2963118	34312	1	2935784	2936114
34641	1	3012256	3012501	34320	1	2985033	2985278
34661	1	3136016	3136408	34331	1	3108714	3109106
34693	1	3490869	3491081	34371	1	3463263	3463475
34696	1	3519407	3519648	34374	1	3488005	3488246
34697	1	3524673	3525004	34375	1	3493263	3493594
34703	1	3634581	3634912	34388	1	3602689	3603020
34704	1	3636361	3636555	34389	1	3604468	3604662
34844	1	4536706	4536918	34473	1	4520432	4520644
34855	1	5203326	5203677	34494	1	5188400	5188751
34906	1	9631937	9632274	34538	1	9611930	9612267
34988	1	11737237	11737431	34630	1	11690664	11690858
34996	1	11779072	11779251	34638	1	11726457	11726636
34997	1	11798517	11798673	34639	1	11746046	11746202
35014	1	12091297	12091675	34655	1	12025724	12026102
35017	1	12093340	12093559	34658	1	12027771	12027990
35036	1	12208606	12208779	34673	1	12140476	12140649
35037	1	12214617	12214951	34674	1	12146468	12146802
35061	1	13102042	13102214	34738	1	13039492	13039664
35076	1	13359170	13359267	34752	1	13302057	13302154
35077	1	13372310	13372660	34753	1	13315207	13315557
35079	1	13405361	13405550	34755	1	13348498	13348687
35082	1	13566927	13567280	34768	1	13511149	13511502
35083	1	13572583	13572828	34769	1	13515298	13515543
35090	1	13715236	13715452	34775	1	13660506	13660722
35131	1	14171115	14171269	34784	1	14111850	14112004
35136	1	14206652	14206831	34791	1	14147038	14147217
35155	1	14355910	14356007	34815	1	14290460	14290557
35161	1	14376660	14376840	34819	1	14311244	14311424
35203	1	14635029	14635772	34828	1	14571771	14572514
35216	1	14685851	14686377	34838	1	14622231	14622757
35232	1	14913101	14913532	34867	1	14844722	14845153
35250	1	15030933	15031230	34883	1	14962632	14962929
35329	2	924847	925034	34970	2	874877	875064
35344	2	1279446	1279605	34981	2	1219168	1219327
35350	2	1316550	1316722	34984	2	1255122	1255294
35357	2	1491903	1492076	34991	2	1430024	1430197
35358	2	1511438	1511612	34992	2	1449378	1449552
35367	2	1644991	1645175	3996	2	1586916	1587100
35403	2	2124471	2124914	35023	2	1951383	1951826
35536	2	3493456	3493692	35102	2	3333394	3333630
35539	2	3586213	3586373	35107	2	3426401	3426561
35550	2	3825826	3825954	35118	2	3675498	3675626
35554	2	3934093	3934566	35120	2	3792375	3792848
35627	2	6601028	6601328	35208	2	6449384	6449684
35633	2	6995861	6996055	35215	2	6839354	6839548
35656	2	9423273	9423387	35274	2	9244280	9244394
35698	2	11892733	11893073	35343	2	11706819	11707159
35702	2	11998032	11998245	35350	2	11812052	11812265
35744	2	12192095	12192327	35373	2	12006282	12006514
35745	2	12201282	12201514	35374	2	12015872	12016104
35746	2	12213108	12213439	35377	2	12027193	12027524
35747	2	12225173	12225528	35378	2	12038766	12039121
35769	2	12327010	12327257	35390	2	12139965	12140212
35771	2	12333946	12334180	35392	2	12146885	12147119
35777	2	12383424	12383598	35397	2	12196519	12196693
35785	2	12436012	12436694	35409	2	12248079	12248761
35789	2	12488521	12488699	35413	2	12302361	12302539
35803	2	12641653	12641974	35421	2	12464718	12465039
35824	2	12785437	12785661	35433	2	12602975	12603199
35834	2	12842173	12842413	35449	2	12659970	12660210
35851	2	12927459	12928013	35469	2	12745871	12746425
35854	2	12929533	12929874	35471	2	12747945	12748286
35868	2	12991185	12991494	35493	2	12809435	12809744
35873	2	12999354	12999783	35497	2	12817602	12818031
35878	2	13032573	13032732	35503	2	12850672	12850831
35892	2	13128234	13128424	35530	2	12945978	12946168
35916	2	13266230	13266452	35547	2	13083530	13083752
35930	2	13509860	13509977	35579	2	13316350	13316467
35944	2	13619644	13619891	35596	2	13422054	13422301
35953	2	13637082	13637262	35613	2	13438808	13438988
35967	2	13754719	13755687	35636	2	13568496	13569464
35982	2	13907027	13907575	35668	2	13731435	13731983
36001	2	14075505	14075627	35683	2	13900651	13900773
36018	2	14225267	14225414	35705	2	14049502	14049649
36026	2	14312606	14312920	35715	2	14141245	14141559
36031	2	14551534	14551714	35726	2	14368277	14368457
36059	2	15165611	15165817	35780	2	14959877	14960083
36125	3	208656	208818	35956	3	190144	190306
36184	3	620573	620672	36039	3	597505	597604
36192	3	663782	663981	36044	3	641842	642041
36199	3	748820	749280	36051	3	718331	718791
36207	3	803823	804428	36058	3	772106	772711
36262	3	1656871	1657248	36123	3	1614244	1614621
36264	3	1658655	1658871	36124	3	1616028	1616244
36274	3	1816702	1816905	36139	3	1775807	1776010
36276	3	1825356	1825573	36141	3	1784624	1784841
36288	3	2140010	2140239	36152	3	2098339	2098568
36303	3	2310274	2310959	36168	3	2267659	2268344
36310	3	2453170	2453380	36176	3	2412488	2412698
36351	3	2543615	2543779	36189	3	2502634	2502798
36352	3	2555110	2555463	36190	3	2514114	2514467
36382	3	2857039	2857422	36234	3	2812206	2812589
36404	3	3057925	3057981	36272	3	3013324	3013380
36408	3	3143756	3144017	36277	3	3099981	3100242
36412	3	3249960	3250212	36283	3	3205841	3206093
36714	3	9522600	9523023	36385	3	9415040	9415463
36718	3	9795507	9795681	36389	3	9688177	9688351
36722	3	10100427	10100748	36391	3	9992394	9992715
36723	3	10125561	10125671	36395	3	10018309	10018419
36724	3	10188277	10188467	36396	3	10081508	10081698
36745	3	10324987	10325298	36408	3	10218310	10218621
36798	3	11331563	11331892	36470	3	11223395	11223724
36832	3	11613615	11613791	36514	3	11496722	11496898
36950	3	11911146	11911541	36595	3	11777088	11777483
36956	3	11916850	11917019	36603	3	11782785	11782954
37115	3	12585851	12586023	36641	3	11908111	11908283
37125	3	12607144	12607349	36654	3	11928360	11928565
37130	3	12617889	12618113	36658	3	11939133	11939357
37145	3	12745286	12745863	36713	3	12127369	12127946
37160	3	12814450	12814641	36733	3	12211461	12211652
37168	3	12890604	12890826	36741	3	12287148	12287370
37182	3	12929489	12929666	36763	3	12327155	12327332
37186	3	12963262	12963594	36776	3	12360905	12361237
37187	3	12983440	12983604	36783	3	12381630	12381794
37189	3	12994343	12994544	36787	3	12392532	12392733
37207	3	13103828	13103983	36809	3	12502301	12502456
37210	3	13104359	13104514	36846	3	12509120	12509275
37260	3	13113361	13113516	36846	3	12509120	12509275
37285	3	13150913	13151138	36868	3	12545783	12546008
37305	3	13219700	13219933	36885	3	12609924	12610157
37312	3	13259046	13259484	36894	3	12649254	12649692
37459	4	1026835	1027009	37050	4	1009607	1009781
37487	4	1544509	1544682	37091	4	1511585	1511758
37491	4	1564591	1564974	37095	4	1531675	1532058
37523	4	1775763	1775938	37136	4	1738326	1738501
37540	4	1907586	1907694	37148	4	1869301	1869409
37597	4	2210821	2211041	37191	4	2165742	2165962
37630	4	2605545	2605745	37231	4	2521987	2522187
37639	4	2673884	2674058	37240	4	2590186	2590360
37680	4	2976460	2976624	37283	4	2884144	2884308
37691	4	3030373	3030621	37298	4	2938902	2939150
37693	4	3060731	3060908	37300	4	2969198	2969375
37713	4	3154213	3154412	37319	4	3061647	3061846
37729	4	3205444	3205620	37335	4	3112621	3112797
37750	4	3283723	3283891	37360	4	3190700	3190868
37763	4	3405180	3405357	37376	4	3309412	3309589
37775	4	3619369	3619860	37383	4	3518592	3519083
37810	4	4319398	4319582	37417	4	4180393	4180577
37864	4	6153441	6153619	37474	4	5995759	5995937
38258	4	9286855	9287102	37634	4	9116210	9116457
38264	4	9470005	9470407	37638	4	9299304	9299706
38310	4	12806935	12807501	37724	4	12622302	12622868
38330	4	13264133	13264322	37742	4	13071312	13071501
38341	4	13367929	13368168	37749	4	13172546	13172785
38356	4	13451844	13452415	37763	4	13254786	13255357
38365	4	13515948	13516284	37772	4	13314227	13314563
38389	4	13913463	13913711	37798	4	13701559	13701807
38412	4	14806575	14806820	37836	4	14578788	14579033
38418	4	15018064	15018186	37841	4	14790797	14790919
38431	4	15197736	15197850	37850	4	14962738	14962852
38442	4	15475679	15475837	37865	4	15236801	15236959
38448	4	15649207	15649749	37875	4	15418391	15418933
38458	4	15767874	15767973	37883	4	15529359	15529458
38485	4	16001197	16001308	37902	4	15764459	15764570
38516	4	16548898	16549111	37926	4	16253572	16253785
38563	4	17042081	17042360	37953	4	16741430	16741709
38594	5	100622	100967	37971	5	101194	101539
38600	5	230121	230296	37977	5	230090	230265
38636	5	911008	911187	38013	5	903822	904001
38641	5	936040	936714	38018	5	927972	928646
38646	5	944423	944661	38020	5	936289	936527
38651	5	991980	992315	38031	5	983292	983627
38658	5	1014085	1014217	38041	5	1005262	1005394
38672	5	1118842	1119227	38056	5	1109593	1109978
38673	5	1118845	1119064	38057	5	1109596	1109815
38694	5	1187499	1187739	38085	5	1177975	1178215
38715	5	1267516	1267728	38106	5	1256648	1256860
38735	5	1368674	1368851	38125	5	1357473	1357650
38771	5	1516200	1516349	38167	5	1502700	1502849
38779	5	1556071	1556386	38174	5	1542357	1542672
38784	5	1574560	1574746	38176	5	1560154	1560340
38788	5	1674343	1674776	38181	5	1660010	1660443
38801	5	1774364	1774858	38194	5	1755868	1756362
38802	5	1776356	1776594	38195	5	1757888	1758126
38804	5	1777810	1777996	38197	5	1759341	1759527
38829	5	1843918	1844023	38211	5	1824150	1824255
38848	5	1950511	1950701	38236	5	1931371	1931561
38854	5	2005996	2006164	38245	5	1986883	1987051
38856	5	2041802	2042169	38246	5	2013363	2013730
38857	5	2047602	2047835	38248	5	2019156	2019389
38859	5	2049864	2050277	38250	5	2021416	2021829
38867	5	2072878	2073044	38259	5	2044490	2044656
38868	5	2072924	2073015	38260	5	2044536	2044627
38875	5	2103133	2103300	38265	5	2074382	2074549
38959	5	2617809	2617985	38339	5	2475794	2475970
38998	5	2720977	2721211	38356	5	2578035	2578269
39006	5	2880750	2880906	38366	5	2735583	2735739
39052	5	3230816	3231022	38413	5	3077107	3077313
39054	5	3231547	3231785	38415	5	3077838	3078076
39071	5	3599870	3600083	38434	5	3356152	3356365
39081	5	3700661	3700839	38445	5	3455436	3455614
39096	5	3803975	3804154	38461	5	3557219	3557398
39098	5	3820577	3820732	38463	5	3575299	3575454
39150	5	4224864	4225230	38506	5	3969035	3969401
39197	5	4592661	4593005	38556	5	4325234	4325578
39239	5	5120821	5121174	38600	5	4846955	4847308
39241	5	5131994	5132171	38601	5	4858226	4858403
39269	5	5729225	5729564	38635	5	5454876	5455215
39275	5	6120488	6120843	38696	5	5828207	5828562
39284	5	6302121	6302277	38700	5	6008461	6008617
39296	5	7279447	7279741	6890	5	6971078	6971372
39437	5	12922094	12922457	38904	5	12586448	12586811
39545	5	15787019	15787219	38987	5	15442367	15442567
39599	5	16522320	16522503	39024	5	16387983	16388166
39652	5	17400385	17400823	39076	5	17204084	17204522
39750	5	17560873	17561090	39083	5	17281027	17281244
39780	5	17866365	17866566	39098	5	17577755	17577956
39799	5	17971274	17971442	39124	5	17683455	17683623
39819	5	18137698	18137914	39142	5	17843347	17843563
39862	5	18762409	18762574	39169	5	18449367	18449532
39881	5	19255868	19256266	39229	5	18934082	18934480
39903	5	19737032	19737208	39263	5	19385600	19385776
39926	5	19914857	19915017	39315	5	19554303	19554463
39998	5	20877751	20878080	39400	5	20470727	20471056
40001	5	20909522	20909696	39403	5	20502504	20502678
40008	5	20943974	20944367	39408	5	20536950	20537343
40023	6	85028	85784	39423	6	68559	69315
40027	6	167209	167593	39429	6	149121	149505
40088	6	791212	791395	39481	6	760916	761099
40122	6	1492047	1492220	39519	6	1455840	1456013
40181	6	2364691	2364865	39606	6	2274981	2275155
40205	6	2744304	2744688	39630	6	2655851	2656235
40222	6	2984383	2984784	39645	6	2896408	2896809
40260	6	6020462	6020891	39717	6	5877054	5877483
40336	6	9543968	9544322	39792	6	9382360	9382714
40476	6	13517893	13518321	39879	6	13350389	13350817
40495	6	14148574	14149253	39898	6	13981469	13982148
40525	6	14402889	14403051	39916	6	14230027	14230189
40538	6	14421003	14421187	39946	6	14251548	14251732
40543	6	14489910	14490072	39953	6	14320485	14320647
40555	6	14646351	14646776	39967	6	14478408	14478833
40570	6	14793550	14793766	39984	6	14625529	14625745
40573	6	14803095	14803316	39987	6	14635075	14635296
40574	6	14815398	14815811	39988	6	14647377	14647790
40581	6	14882661	14882935	39994	6	14722509	14722783
40611	6	15128607	15129161	40028	6	14970895	14971449
40633	6	15302947	15303386	40053	6	15144476	15144915
40644	6	15344591	15345006	40061	6	15186289	15186704
40654	6	15432364	15432612	40071	6	15266401	15266649
40657	6	15460080	15460310	40073	6	15294195	15294425
40667	6	15572920	15573333	40078	6	15406663	15407076
40673	6	15641342	15641481	40086	6	15476143	15476282
40675	6	15654231	15654659	40088	6	15488868	15489296
40681	6	15686345	15686796	40096	6	15521082	15521533
40697	6	15717435	15717865	40110	6	15552779	15553209
40730	6	15958911	15959242	40148	6	15797146	15797477
40757	6	16124490	16124974	40168	6	15963355	15963839
40768	6	16185765	16186303	40177	6	16024667	16025205
40794	6	16337457	16337837	40200	6	16176572	16176952
40804	6	16372607	16373054	40209	6	16211769	16212216
40805	6	16372614	16372822	40210	6	16211776	16211984
40810	6	16384262	16384636	40213	6	16223426	16223800
40878	6	17314513	17314900	40289	6	17158280	17158667
146	2	15078522	15078768	151	2	15004417	15004663
1251	2	15106115	15106710	1235	2	15032989	15033584
1773	3	12618333	12618553	1752	3	11999828	12000048
1795	3	11920134	11920314	1790	3	11830659	11830839
2193	4	1964851	1965159	2164	4	7804329	7804637
2324	5	3829715	3829925	2844	6	7517613	7517823
2457	5	10825218	10825384	2414	5	10497730	10497896
4243	2	14869251	14869368	4390	2	14668662	14668779
5404	4	16512104	16512235	5301	4	16217388	16217519
5406	4	16512596	16512727	5303	4	16217880	16218011
28997	4	6672788	6672995	28804	4	6512870	6513077
29831	2	15109931	15110107	29615	2	15036805	15036981
32119	2	15104670	15105455	31830	2	15031543	15032328
32462	3	12642093	12644741	32150	3	12023466	12026114
36059	2	15165611	15165817	35898	2	15110044	15110250
36950	3	11911146	11911541	36606	3	11821677	11822072
36956	3	11916850	11917019	36614	3	11827374	11827543
37125	3	12607144	12607349	36684	3	11988614	11988819
37130	3	12617889	12618113	36688	3	11999384	11999608
37210	3	13104359	13104514	36859	3	12512020	12512175
37260	3	13113361	13113516	36859	3	12512020	12512175
38442	4	15475679	15475837	37868	4	15243069	15243227
38458	4	15767874	15767973	38851	5	8608430	8608529
