n2_chrom	n2_start	n2_stop	cb_chrom	cb_start	cb_stop	color
1	571296	571542	1	575830	576076	000000
1	4006052	4007100	1	3976703	3977751	000000
1	8830867	8831113	1	8803646	8803892	000000
1	13904830	13905071	1	13846812	13847053	000000
2	186828	189575	2	185306	188053	000000
2	4461525	4464263	2	4315620	4318358	000000
2	6143794	6146904	2	5992207	5995317	000000
2	6866478	6866724	2	6710271	6710517	000000
2	8687530	8687777	2	8509373	8509620	000000
2	15078522	15078768	2	14872810	14873056	000000
3	210240	210486	3	191718	191964	000000
3	4421406	4421652	3	4375357	4375603	000000
3	9106713	9116830	3	8999944	9010061	000000
4	2286394	2286640	4	2238454	2238700	000000
4	2295006	2295251	4	2247049	2247294	000000
4	3095010	3098008	4	3002836	3005834	000000
4	8903452	8905544	4	8733015	8735107	000000
4	8984895	8988014	4	8813917	8817036	000000
4	11562252	11568796	4	11392078	11398622	000000
4	11943105	11959928	4	11770180	11787003	000000
4	15745196	15745446	4	15510899	15511149	000000
4	16613011	16613257	4	16314683	16314929	000000
4	17144020	17147845	4	16838765	16842590	000000
5	5675846	5676095	5	5401568	5401817	000000
5	7534109	7537424	5	7228663	7231978	000000
5	8210887	8219502	5	7896491	7905106	000000
5	9975367	9982083	5	9648392	9655108	000000
5	11913222	11920777	5	11584651	11592206	000000
5	12114267	12121423	5	11784687	11791843	000000
5	15349648	15354821	5	14998422	15003595	000000
5	15560680	15560925	5	15208233	15208478	000000
5	18061309	18061555	5	17776372	17776618	000000
6	1239663	1239909	6	1204950	1205196	000000
6	3893300	3899446	6	3791326	3797472	000000
6	5264828	5265077	6	5128660	5128909	000000
6	5762370	5769970	6	5624245	5631845	000000
6	9298829	9311335	6	9137200	9149706	000000
6	9501657	9509423	6	9340054	9347820	000000
6	12865663	12875717	6	12697980	12708034	000000
6	14135727	14139225	6	13968474	13971972	000000
1	5743739	5743956	1	5727693	5727910	000000
1	12854179	12854395	1	12795022	12795238	000000
1	13435296	13435511	1	13381489	13381704	000000
1	199144	199361	1	200327	200544	000000
1	2246899	2247108	1	2243920	2244129	000000
1	13743104	13743306	1	13688014	13688216	000000
1	14841271	14841481	1	14773003	14773213	000000
1	1716827	1717041	1	1711928	1712142	000000
1	135155	135351	1	135532	135728	000000
1	12009831	12010021	1	11944235	11944425	000000
1	12691569	12691751	1	12634709	12634891	000000
1	13498719	13498913	1	13443244	13443438	000000
1	8123539	8123733	1	8103960	8104154	000000
1	3049145	3049332	1	3021659	3021846	000000
1	641107	641294	1	641591	641778	000000
1	1211622	1211808	1	1201845	1202031	000000
1	2018865	2019046	1	2018094	2018275	000000
1	14320584	14320755	1	14260464	14260635	000000
1	1598602	1598780	1	1587167	1587345	000000
1	2303713	2303892	1	2300093	2300272	000000
1	12535384	12535560	1	12468172	12468348	000000
1	260570	260745	1	262476	262651	000000
1	2363840	2364018	1	2346900	2347078	000000
1	2965630	2965797	1	2938751	2938918	000000
1	11378240	11378414	1	11353866	11354040	000000
1	2444724	2444894	1	2425679	2425849	000000
1	3301851	3302029	1	3274348	3274526	000000
1	12681448	12681624	1	12624598	12624774	000000
1	2008872	2009049	1	2008508	2008685	000000
1	3426267	3426434	1	3398395	3398562	000000
1	11589359	11589520	1	11545280	11545441	000000
1	1858998	1859137	1	1860809	1860948	000000
1	13763205	13763355	1	13708312	13708462	000000
1	3488528	3488679	1	3460842	3460993	000000
1	14050976	14051126	1	13990678	13990828	000000
1	12659977	12660100	1	12597399	12597522	000000
1	14126799	14127476	1	14071912	14072589	000000
1	1206979	1207773	1	1197829	1198623	000000
1	1025839	1026631	1	1021862	1022654	000000
1	2406282	2406930	1	2387017	2387665	000000
1	2484664	2485306	1	2462107	2462749	000000
1	2936824	2937446	1	2909855	2910477	000000
1	13620091	13620686	1	13562946	13563541	000000
1	13502889	13503476	1	13447762	13448349	000000
1	2105274	2105858	1	2104196	2104780	000000
1	11206739	11207343	1	11183452	11184056	000000
1	3337935	3338528	1	3310314	3310907	000000
1	406578	407169	1	411208	411799	000000
1	1163679	1164410	1	1155309	1156040	000000
1	11149414	11150120	1	11125598	11126304	000000
1	13461245	13461733	1	13407526	13408014	000000
1	3624217	3624799	1	3592258	3592840	000000
1	1878962	1879406	1	1880711	1881155	000000
1	2927863	2928307	1	2900950	2901394	000000
1	31237	31681	1	30819	31263	000000
1	1599942	1600372	1	1588507	1588937	000000
1	12318632	12319069	1	12254235	12254672	000000
1	13767813	13768240	1	13712920	13713347	000000
1	7069297	7069730	1	7052754	7053187	000000
1	1804849	1805280	1	1809948	1810379	000000
1	13911640	13912039	1	13853629	13854028	000000
1	4603112	4603558	1	4585039	4585485	000000
1	7659381	7659808	1	7642434	7642861	000000
1	46016	46437	1	45952	46373	000000
1	2084335	2084741	1	2083273	2083679	000000
1	13912912	13913300	1	13854901	13855289	000000
1	15055749	15056115	1	14987530	14987896	000000
1	2398527	2398913	1	2379402	2379788	000000
1	596998	597355	1	601473	601830	000000
1	9091857	9092223	1	9064682	9065048	000000
1	3347026	3347404	1	3319619	3319997	000000
1	9572527	9572874	1	9544830	9545177	000000
1	12947809	12948094	1	12888003	12888288	000000
1	315772	316057	1	317944	318229	000000
1	8889887	8890172	1	8862722	8863007	000000
1	1825966	1826251	1	1830458	1830743	000000
1	10518401	10518686	1	10497864	10498149	000000
1	9333856	9334140	1	9306240	9306524	000000
1	15056115	15056438	1	14987896	14988219	000000
1	14764824	14765133	1	14702502	14702811	000000
1	8410187	8410494	1	8390518	8390825	000000
1	12712210	12712510	1	12652096	12652396	000000
1	136761	137062	1	139215	139516	000000
1	14325270	14325569	1	14265004	14265303	000000
1	2599718	2600012	1	2575149	2575443	000000
1	11302574	11302868	1	11281156	11281450	000000
1	8804573	8804860	1	8776694	8776981	000000
1	5554975	5555243	1	5539183	5539451	000000
1	4781649	4781907	1	4766893	4767151	000000
1	11487394	11487641	1	11444851	11445098	000000
1	14381204	14381447	1	14316623	14316866	000000
1	14488479	14488702	1	14429041	14429264	000000
1	1802966	1803208	1	1792674	1792916	000000
1	682527	682768	1	680398	680639	000000
1	490769	491002	1	495044	495277	000000
1	3160045	3160764	1	3132720	3133439	000000
1	2096417	2096658	1	2095233	2095474	000000
1	533656	533888	1	537929	538161	000000
1	701091	701313	1	697689	697911	000000
1	1199799	1200036	1	1190525	1190762	000000
1	12000257	12000486	1	11934622	11934851	000000
1	12107710	12108449	1	12042076	12042815	000000
1	3094752	3094964	1	3067364	3067576	000000
1	11689091	11689298	1	11643934	11644141	000000
1	5354677	5354881	1	5339755	5339959	000000
1	14120238	14120454	1	14065353	14065569	000000
1	967522	967738	1	963110	963326	000000
1	1477984	1478161	1	1466903	1467080	000000
1	13361374	13361549	1	13304258	13304433	000000
1	3219014	3219191	1	3191537	3191714	000000
1	2007189	2007330	1	2006772	2006913	000000
1	1290718	1290840	1	1280450	1280572	000000
1	14637840	14637961	1	14574592	14574713	000000
2	726166	726377	2	702002	702213	000000
2	6791976	6792177	2	6638834	6639035	000000
2	12980843	12981037	2	12799088	12799282	000000
2	13560295	13560489	2	13364196	13364390	000000
2	14497413	14497605	2	14308681	14308873	000000
2	12041223	12041399	2	11855144	11855320	000000
2	13782263	13782432	2	13606584	13606753	000000
2	12211541	12211722	2	12025625	12025806	000000
2	13882972	13883150	2	13707984	13708162	000000
2	521927	522103	2	501161	501337	000000
2	12769031	12769188	2	12594258	12594415	000000
2	3057073	3057229	2	2918998	2919154	000000
2	9383192	9383344	2	9204522	9204674	000000
2	11997653	11997814	2	11811673	11811834	000000
2	2133656	2133806	2	1957730	1957880	000000
2	12289522	12289656	2	12102835	12102969	000000
2	12380481	12380613	2	12193603	12193735	000000
2	1156293	1156413	2	1097717	1097837	000000
2	13104079	13104123	2	12922009	12922053	000000
2	13881539	13882335	2	13706537	13707333	000000
2	11576927	11577720	2	11389459	11390252	000000
2	8879406	8880197	2	8701180	8701971	000000
2	4074400	4075187	2	3934211	3934998	000000
2	635880	636563	2	614982	615665	000000
2	15106115	15106710	2	14899830	14900425	000000
2	14307693	14308296	2	14136465	14137068	000000
2	14110514	14111068	2	13935990	13936544	000000
2	14319869	14320361	2	14148482	14148974	000000
2	3027842	3028267	2	2890054	2890479	000000
2	10543092	10543507	2	10360993	10361408	000000
2	445123	445566	2	428818	429261	000000
2	2124473	2124905	2	1951385	1951817	000000
2	2787761	2788193	2	2637217	2637649	000000
2	14204533	14204970	2	14028850	14029287	000000
2	13085151	13085587	2	12903178	12903614	000000
2	10503864	10504299	2	10321773	10322208	000000
2	7104219	7104649	2	6945247	6945677	000000
2	14377791	14378168	2	14189535	14189912	000000
2	968957	969381	2	918946	919370	000000
2	5414393	5414807	2	5271195	5271609	000000
2	15210250	15210641	2	15155649	15156040	000000
2	11559585	11559976	2	11372111	11372502	000000
2	1135867	1136255	2	1077293	1077681	000000
2	14077904	14078251	2	13903052	13903399	000000
2	14014721	14015077	2	13839007	13839363	000000
2	12801493	12801798	2	12619783	12620088	000000
2	14322288	14322591	2	14150897	14151200	000000
2	1729131	1729421	2	1670810	1671100	000000
2	2620611	2620848	2	2464737	2464974	000000
2	954232	954470	2	904286	904524	000000
2	3481321	3481559	2	3321026	3321264	000000
2	12688630	12688868	2	12513128	12513366	000000
2	12386349	12386572	2	12199575	12199798	000000
2	3816403	3816624	2	3666112	3666333	000000
2	2068660	2069364	2	1893905	1894609	000000
2	12551684	12551895	2	12363750	12363961	000000
2	3543657	3543875	2	3383768	3383986	000000
2	14049649	14049865	2	13874108	13874324	000000
2	12291620	12291808	2	12104933	12105121	000000
2	12165156	12165326	2	11979297	11979467	000000
3	1287941	1288160	3	1255577	1255796	000000
3	1324218	1324418	3	1291286	1291486	000000
3	13131293	13131491	3	12526339	12526537	000000
3	2769363	2769546	3	2726222	2726405	000000
3	599372	599556	3	576363	576547	000000
3	814827	815000	3	783081	783254	000000
3	11356023	11356199	3	11247948	11248124	000000
3	8497550	8497727	3	8404176	8404353	000000
3	12981647	12981817	3	12379667	12379837	000000
3	424996	425163	3	402115	402282	000000
3	11366104	11366271	3	11257974	11258141	000000
3	11847429	11847595	3	11715710	11715876	000000
3	362286	362463	3	339928	340105	000000
3	6977756	6977915	3	6929796	6929955	000000
3	4395787	4395937	3	4350171	4350321	000000
3	915693	915827	3	883875	884009	000000
3	13320499	13321136	3	12711473	12712110	000000
3	12931157	12931950	3	12328823	12329616	000000
3	11186826	11187617	3	11079473	11080264	000000
3	13224207	13224998	3	12614409	12615200	000000
3	3223112	3223897	3	3179140	3179925	000000
3	1027101	1027886	3	1002274	1003059	000000
3	408377	409160	3	385596	386379	000000
3	11764716	11765499	3	11634000	11634783	000000
3	12743895	12744678	3	12125978	12126761	000000
3	414477	415259	3	391861	392643	000000
3	12901064	12901839	3	12297626	12298401	000000
3	319681	320456	3	299796	300571	000000
3	13118462	13119055	3	12513597	12514190	000000
3	12758848	12759440	3	12140451	12141043	000000
3	449291	449852	3	426041	426602	000000
3	13481513	13482242	3	12872996	12873725	000000
3	215354	215881	3	196829	197356	000000
3	1574805	1575324	3	1531425	1531944	000000
3	12601083	12601668	3	11922428	11923013	000000
3	13135543	13136101	3	12530595	12531153	000000
3	9130332	9130846	3	9023559	9024073	000000
3	10708442	10708952	3	10600450	10600960	000000
3	2442266	2442762	3	2397822	2398318	000000
3	2424307	2424795	3	2380002	2380490	000000
3	7580175	7580662	3	7486720	7487207	000000
3	10249927	10250379	3	10143223	10143675	000000
3	4775395	4775832	3	4729120	4729557	000000
3	11210566	11210993	3	11103159	11103586	000000
3	11324616	11325029	3	11216505	11216918	000000
3	8321876	8322271	3	8227440	8227835	000000
3	12728026	12728418	3	12110315	12110707	000000
3	11600798	11601172	3	11483903	11484277	000000
3	12998169	12998458	3	12396356	12396645	000000
3	2974985	2975286	3	2929697	2929998	000000
3	9311396	9311657	3	9204679	9204940	000000
3	7737799	7738045	3	7643838	7644084	000000
3	11833745	11833996	3	11702231	11702482	000000
3	13814952	13815193	3	13202191	13202432	000000
3	13157056	13157295	3	12551941	12552180	000000
3	12618333	12618553	3	11939577	11939797	000000
3	7486005	7486221	3	7392954	7393170	000000
3	3176283	3176464	3	3132529	3132710	000000
3	11920134	11920314	3	11786070	11786250	000000
3	11202260	11202798	3	11094757	11095295	000000
3	11350931	11351480	3	11242856	11243405	000000
4	13268227	13268420	4	13075317	13075510	000000
4	16510477	16510668	4	16215761	16215952	000000
4	17247741	17247941	4	16942652	16942852	000000
4	14662370	14662564	4	14433719	14433913	000000
4	12884589	12884783	4	12699687	12699881	000000
4	13427847	13428039	4	13230790	13230982	000000
4	13406673	13406851	4	13209778	13209956	000000
4	2128282	2128459	4	2083551	2083728	000000
4	3122240	3122426	4	3030233	3030419	000000
4	17054384	17054563	4	16753734	16753913	000000
4	2997053	2997237	4	2904744	2904928	000000
4	17020581	17020737	4	16719804	16719960	000000
4	4259179	4259352	4	4120035	4120208	000000
4	2625026	2625194	4	2541462	2541630	000000
4	3252017	3252183	4	3159128	3159294	000000
4	13921160	13921326	4	13709256	13709422	000000
4	13450859	13451025	4	13253801	13253967	000000
4	3394186	3394342	4	3298450	3298606	000000
4	9041393	9041541	4	8870328	8870476	000000
4	3108807	3108952	4	3016795	3016940	000000
4	2637708	2638503	4	2554166	2554961	000000
4	2878238	2879031	4	2786082	2786875	000000
4	2929913	2930705	4	2837732	2838524	000000
4	2101076	2101867	4	2056973	2057764	000000
4	1025402	1026192	4	1008174	1008964	000000
4	3238237	3239024	4	3145348	3146135	000000
4	4092370	4093153	4	3994827	3995610	000000
4	3248108	3248887	4	3155219	3155998	000000
4	1765212	1765978	4	1727687	1728453	000000
4	16407264	16407863	4	16112919	16113518	000000
4	16816503	16817050	4	16515392	16515939	000000
4	2790911	2791508	4	2699254	2699851	000000
4	1793804	1794395	4	1756273	1756864	000000
4	1022087	1022574	4	1004859	1005346	000000
4	2877071	2877613	4	2784914	2785456	000000
4	5035319	5035783	4	4889970	4890434	000000
4	14860739	14861179	4	14633320	14633760	000000
4	332903	333347	4	332286	332730	000000
4	11108193	11108638	4	10937936	10938381	000000
4	7056890	7057332	4	6891198	6891640	000000
4	14400409	14400830	4	14173380	14173801	000000
4	17019272	17019658	4	16718495	16718881	000000
4	12032976	12033419	4	11859822	11860265	000000
4	17214479	17214921	4	16909386	16909828	000000
4	3015740	3016171	4	2924261	2924692	000000
4	2424177	2424592	4	2373338	2373753	000000
4	1020248	1020638	4	1002986	1003376	000000
4	14321146	14321560	4	14095522	14095936	000000
4	14837338	14837748	4	14609667	14610077	000000
4	7920652	7921062	4	7750265	7750675	000000
4	10214332	10214697	4	10043088	10043453	000000
4	2801530	2801895	4	2709870	2710235	000000
4	3050498	3050886	4	2959303	2959691	000000
4	385185	385546	4	384566	384927	000000
4	14027986	14028376	4	13813154	13813544	000000
4	15017419	15017805	4	14790152	14790538	000000
4	6774731	6775096	4	6608913	6609278	000000
4	13599531	13599922	4	13398221	13398612	000000
4	5733349	5733719	4	5575764	5576134	000000
4	5250960	5251327	4	5095409	5095776	000000
4	13814481	13814841	4	13609401	13609761	000000
4	14307612	14307972	4	14082349	14082709	000000
4	15218202	15218561	4	14983038	14983397	000000
4	13658095	13658450	4	13453329	13453684	000000
4	15777928	15778282	4	15539373	15539727	000000
4	13503523	13503859	4	13301740	13302076	000000
4	1964851	1965159	4	1922387	1922695	000000
4	1878009	1878310	4	1839511	1839812	000000
4	15704075	15704374	4	15476276	15476575	000000
4	4240149	4240429	4	4100929	4101209	000000
4	16209531	16209774	4	15960724	15960967	000000
4	15710306	15710545	4	15482507	15482746	000000
4	6307963	6308200	4	6147099	6147336	000000
4	4099277	4099514	4	4001732	4001969	000000
4	4763222	4763459	4	4620842	4621079	000000
4	5522468	5522688	4	5366716	5366936	000000
4	2934535	2934751	4	2842362	2842578	000000
4	17011703	17011889	4	16710930	16711116	000000
4	2424097	2424604	4	2373258	2373765	000000
4	2424111	2424547	4	2373272	2373708	000000
4	5035378	5035769	4	4890029	4890420	000000
5	8593879	8594082	5	8277827	8278030	000000
5	3829715	3829925	5	3584434	3584644	000000
5	19867715	19867915	5	19513187	19513387	000000
5	6122703	6122899	5	5830328	5830524	000000
5	1446938	1447127	5	1434802	1434991	000000
5	16912437	16912644	5	16801049	16801256	000000
5	11294740	11294942	5	10967707	10967909	000000
5	2075684	2075878	5	2047297	2047491	000000
5	1776669	1776861	5	1758201	1758393	000000
5	16781180	16781366	5	16634362	16634548	000000
5	1030520	1030709	5	1021400	1021589	000000
5	2163902	2164090	5	2133152	2133340	000000
5	3844920	3845097	5	3599695	3599872	000000
5	18153874	18154061	5	17864565	17864752	000000
5	2693643	2693821	5	2550696	2550874	000000
5	2074423	2074602	5	2046036	2046215	000000
5	2056037	2056217	5	2027590	2027770	000000
5	10980307	10980486	5	10653382	10653561	000000
5	3718218	3718396	5	3472949	3473127	000000
5	4192222	4192399	5	3936566	3936743	000000
5	17522691	17522868	5	17249934	17250111	000000
5	824756	824932	5	818467	818643	000000
5	1085283	1085455	5	1076037	1076209	000000
5	812917	813098	5	807708	807889	000000
5	19906458	19906639	5	19544442	19544623	000000
5	1149964	1150144	5	1140771	1140951	000000
5	6745077	6745255	5	6441044	6441222	000000
5	17242777	17242951	5	17093525	17093699	000000
5	2095302	2095476	5	2067048	2067222	000000
5	4367448	4367623	5	4099525	4099700	000000
5	16557903	16558069	5	16422741	16422907	000000
5	18343194	18343360	5	18044486	18044652	000000
5	10825218	10825384	1	5679989	5680155	000000
5	4995093	4995269	5	4720369	4720545	000000
5	15168522	15168697	5	14823922	14824097	000000
5	5051989	5052155	5	4775712	4775878	000000
5	11598	11764	5	11602	11768	000000
5	4406887	4407043	5	4138807	4138963	000000
5	4184312	4185038	5	3928659	3929385	000000
5	3692562	3692702	5	3447607	3447747	000000
5	3597393	3597533	5	3355295	3355435	000000
5	1845721	1845852	5	1825951	1826082	000000
5	18896695	18896821	5	18578754	18578880	000000
5	18387914	18388033	5	18085007	18085126	000000
5	999287	1000079	5	990518	991310	000000
5	188616	189213	5	188850	189447	000000
5	8701233	8701745	5	8385032	8385544	000000
5	20338563	20339308	5	19951809	19952554	000000
5	13945456	13946029	5	13608273	13608846	000000
5	13945487	13945982	5	13608304	13608799	000000
5	10138099	10138547	5	9811101	9811549	000000
5	18037240	18037686	5	17752208	17752654	000000
5	8376242	8376685	5	8059703	8060146	000000
5	3559565	3560016	5	3318782	3319233	000000
5	20767564	20768002	5	20360550	20360988	000000
5	2165207	2165645	5	2134457	2134895	000000
5	1646465	1646897	5	1632128	1632560	000000
5	3103426	3103857	5	2950241	2950672	000000
5	3245742	3246171	5	3092015	3092444	000000
5	10875110	10875548	5	10547625	10548063	000000
5	2975544	2975966	5	2828138	2828560	000000
5	18891838	18892252	5	18573949	18574363	000000
5	17860108	17860472	5	17572425	17572789	000000
5	16581188	16581548	5	16446574	16446934	000000
5	5609456	5609813	5	5337187	5337544	000000
5	18123333	18123689	5	17828678	17829034	000000
5	7070319	7070675	5	6762152	6762508	000000
5	8023319	8023675	5	7708988	7709344	000000
5	16361533	16361882	5	16216425	16216774	000000
5	5628225	5628607	5	5355944	5356326	000000
5	18904364	18904744	5	18586344	18586724	000000
5	20749583	20749963	5	20343040	20343420	000000
5	1197867	1198242	5	1188326	1188701	000000
5	4357462	4357801	5	4089331	4089670	000000
5	10744956	10745223	5	10417474	10417741	000000
5	17866937	17867238	5	17578327	17578628	000000
5	16558218	16558511	5	16423053	16423346	000000
5	15214071	15214771	5	14869318	14870018	000000
5	6665447	6665694	5	6361898	6362145	000000
5	14009120	14009363	5	13670263	13670506	000000
5	5567983	5568241	5	5296526	5296784	000000
5	3386	3626	5	3386	3626	000000
5	2715199	2715420	5	2572278	2572499	000000
5	2060227	2060464	5	2031789	2032026	000000
5	20547715	20547950	5	20152321	20152556	000000
5	14916029	14916723	5	14572637	14573331	000000
5	19315172	19315390	5	18987970	18988188	000000
5	20396626	20396852	5	20010043	20010269	000000
5	20882385	20882601	5	20475359	20475575	000000
5	5123814	5124030	5	4849983	4850199	000000
5	1094561	1094777	5	1084926	1085142	000000
5	17607428	17607611	5	17333560	17333743	000000
6	15979084	15979298	6	15817525	15817739	000000
6	6571123	6571324	6	6428593	6428794	000000
6	16108042	16108766	6	15946950	15947674	000000
6	16148285	16148487	6	15987150	15987352	000000
6	14459670	14459866	6	14290640	14290836	000000
6	16000365	16000559	6	15838803	15838997	000000
6	14840283	14840470	6	14680145	14680332	000000
6	15287321	15287507	6	15128866	15129052	000000
6	15737385	15737562	6	15572727	15572904	000000
6	1869217	1869405	6	1801117	1801305	000000
6	1396107	1396288	6	1360602	1360783	000000
6	15210248	15210429	6	15052581	15052762	000000
6	2952069	2952235	6	2864201	2864367	000000
6	15666098	15666260	6	15500714	15500876	000000
6	774740	774894	6	744431	744585	000000
6	8657329	8657477	6	8499774	8499922	000000
6	85009	85777	6	68540	69308	000000
6	8872985	8873619	6	8715464	8716098	000000
6	252150	252762	6	230857	231469	000000
6	15852194	15852789	6	15689171	15689766	000000
6	7771839	7772428	6	7617090	7617679	000000
6	13858271	13858847	6	13688983	13689559	000000
6	11829780	11830359	6	11664443	11665022	000000
6	10252306	10252885	6	10090027	10090606	000000
6	15545473	15546050	6	15379299	15379876	000000
6	4797078	4797642	6	4664670	4665234	000000
6	129792	130267	6	111928	112403	000000
6	7028082	7028591	6	6885101	6885610	000000
6	8782689	8783198	6	8625140	8625649	000000
6	3653971	3654441	6	3551608	3552078	000000
6	6888436	6888909	6	6745311	6745784	000000
6	11829851	11830332	6	11664514	11664995	000000
6	10631786	10632232	6	10468520	10468966	000000
6	2939204	2939657	6	2851343	2851796	000000
6	15851735	15852169	6	15688712	15689146	000000
6	14845625	14846058	6	14685496	14685929	000000
6	2334548	2334976	6	2244819	2245247	000000
6	16697322	16697740	6	16536533	16536951	000000
6	15671929	15672346	6	15506570	15506987	000000
6	15757339	15757778	6	15595093	15595532	000000
6	11748965	11749399	6	11583635	11584069	000000
6	4232076	4232474	6	4111476	4111874	000000
6	7421867	7422244	6	7270034	7270411	000000
6	15402257	15402668	6	15244014	15244425	000000
6	15135054	15135433	6	14977344	14977723	000000
6	11063616	11064005	6	10898754	10899143	000000
6	16272085	16272448	6	16111246	16111609	000000
6	149315	149668	6	131588	131941	000000
6	149813	150114	6	132086	132387	000000
6	5753521	5754238	6	5615631	5616348	000000
6	8439131	8439364	6	8283215	8283448	000000
6	15272110	15272335	6	15113599	15113824	000000
6	8720960	8721179	6	8563635	8563854	000000
6	13269299	13269508	6	13101697	13101906	000000
6	6262530	6262748	6	6119480	6119698	000000
6	14687046	14687265	6	14519094	14519313	000000
6	10252363	10252845	6	10090084	10090566	000000
6	11829843	11830290	6	11664506	11664953	000000
6	10252419	10252857	6	10090140	10090578	000000
6	16875074	16875543	6	16715474	16715943	000000
6	15046631	15047066	6	14887999	14888434	000000
1	498562	498670	1	502788	502896	000000
1	782320	782428	1	778034	778142	000000
1	1219201	1219311	1	1209741	1209851	000000
1	1583153	1583255	1	1571489	1571591	000000
1	2007211	2007319	1	2006794	2006902	000000
1	3616341	3616450	1	3584338	3584447	000000
1	888536	888644	1	886146	886254	000000
1	1565020	1565127	1	1552788	1552895	000000
1	2092881	2092987	1	2091710	2091816	000000
1	3285203	3285742	1	3257418	3257957	000000
1	6490729	6490892	5	17738579	17738742	000000
1	5756	5894	1	5362	5500	000000
1	9848271	9848402	1	9828726	9828857	000000
1	9848516	9848647	1	9828726	9828857	000000
1	91864	92040	1	92116	92292	000000
1	1598642	1598751	1	1587207	1587316	000000
1	2090690	2090798	1	2089490	2089598	000000
1	3582	4111	1	3188	3717	000000
1	1532174	1532520	1	1518690	1519036	000000
1	3226944	3227296	1	3199433	3199785	000000
1	3242567	3242930	1	3215121	3215484	000000
1	639076	639185	1	639591	639700	000000
1	14131497	14132004	1	14076842	14077349	000000
1	1185061	1185235	1	1175883	1176057	000000
1	2556903	2557129	1	2523817	2524043	000000
1	14774067	14774318	1	14706267	14706518	000000
1	13774905	13775063	1	13719962	13720120	000000
1	13652111	13652254	1	13596384	13596527	000000
1	14639876	14640189	1	14576626	14576939	000000
1	13555390	13555719	1	13499770	13500099	000000
1	9839553	9839754	1	9820264	9820465	000000
1	448999	449215	1	453414	453630	000000
1	3292450	3292614	1	3264504	3264668	000000
1	13776327	13776626	1	13721386	13721685	000000
2	2597045	2597459	2	2438371	2438785	000000
2	2707625	2707733	2	2554071	2554179	000000
2	1420510	1420785	2	1359480	1359755	000000
2	3833603	3833932	2	3682040	3682369	000000
2	3101389	3101704	2	2962283	2962598	000000
2	14773630	14773802	2	14577733	14577905	000000
2	11943474	11943682	2	11757661	11757869	000000
2	14869251	14869368	2	14668068	14668185	000000
2	9061553	9061714	2	8882989	8883150	000000
3	2038092	2038213	3	1994947	1995068	000000
3	425026	425134	3	402145	402253	000000
3	921013	921388	3	889036	889411	000000
3	319887	320254	3	300002	300369	000000
3	408593	408957	3	385812	386176	000000
3	315532	315695	3	297653	297816	000000
3	414781	414944	3	392165	392328	000000
3	8497585	8497693	3	8404211	8404319	000000
3	415052	415252	3	392436	392636	000000
3	8441533	8441787	3	8347235	8347489	000000
3	10865800	10866108	3	10758887	10759195	000000
3	9979159	9979619	3	9871454	9871914	000000
3	915681	915830	3	883863	884012	000000
3	5755183	5755393	3	5708725	5708935	000000
3	2513318	2513436	3	2473598	2473716	000000
3	11764734	11764922	3	11634018	11634206	000000
4	2128322	2128430	4	2083591	2083699	000000
4	2997090	2997191	4	2904781	2904882	000000
4	13553964	13554071	4	13352482	13352589	000000
4	1439860	1439991	4	1409025	1409156	000000
4	3274836	3274944	4	3182003	3182111	000000
4	16418759	16418889	4	16124343	16124473	000000
4	16512104	16512235	4	16217142	16217273	000000
4	16512596	16512727	4	16217634	16217765	000000
4	6424208	6424409	4	6264703	6264904	000000
4	14662401	14662534	4	14433750	14433883	000000
4	6774829	6775160	4	6609011	6609342	000000
4	3259639	3259809	4	3166749	3166919	000000
4	3298086	3298250	4	3204740	3204904	000000
4	15434414	15434546	4	15194354	15194486	000000
4	3082222	3082340	4	2990136	2990254	000000
4	3678503	3678647	4	3578326	3578470	000000
4	13528882	13529084	4	13326977	13327179	000000
4	3222130	3222299	4	3129231	3129400	000000
4	15374914	15375031	6	1342368	1342485	000000
4	15189916	15190032	4	14956237	14956353	000000
4	15190534	15190650	4	14956237	14956353	000000
4	16867008	16867261	4	16565817	16566070	000000
5	13158393	13158680	5	12822985	12823272	000000
5	2057126	2057249	5	2028680	2028803	000000
5	1030565	1030673	5	1021445	1021553	000000
5	1178157	1178265	5	1168938	1169046	000000
5	3614720	3614827	5	3371004	3371111	000000
5	16781215	16781322	5	16634397	16634504	000000
5	9441728	9441963	5	9116940	9117175	000000
5	18153919	18154027	5	17864610	17864718	000000
5	5916830	5917274	5	5641823	5642267	000000
5	5568006	5568217	5	5296549	5296760	000000
5	19696865	19696975	5	19345745	19345855	000000
5	19711934	19712065	5	19362708	19362839	000000
5	2601087	2601502	5	2459169	2459584	000000
5	16395073	16395181	5	16249994	16250102	000000
5	1982853	1983169	5	1963515	1963831	000000
5	5381519	5381828	5	5109937	5110246	000000
5	17931923	17932236	5	17643044	17643357	000000
5	18300489	18300798	5	18028724	18029033	000000
5	9482844	9482982	5	9157961	9158099	000000
5	2081491	2081703	5	2053159	2053371	000000
5	1405897	1406050	5	1393838	1393991	000000
5	10745353	10745599	5	10417871	10418117	000000
5	7450767	7450899	2	15002316	15002448	000000
5	15408809	15408970	5	15057283	15057444	000000
5	3577459	3578060	5	3336924	3337525	000000
5	19591838	19592427	5	19240479	19241068	000000
5	17223855	17224200	5	17074795	17075140	000000
5	3573331	3573448	5	3333543	3333660	000000
5	7922504	7922621	6	1342368	1342485	000000
5	3692109	3692347	5	3447154	3447392	000000
5	12136482	12136716	5	11806907	11807141	000000
6	14730403	14730516	6	14562249	14562362	000000
6	5740231	5740662	6	5602421	5602852	000000
6	15671988	15672300	6	15506629	15506941	000000
6	16272200	16272331	6	16111361	16111492	000000
6	2637793	2638107	6	2549332	2549646	000000
6	6517776	6517951	6	6374990	6375165	000000
6	11749192	11749401	6	11583862	11584071	000000
6	220695	220827	6	201684	201816	000000
1	1670678	1670872	1	1663975	1664169	000000
1	2534518	2534746	1	2510968	2511196	000000
1	2657115	2657332	1	2629342	2629559	000000
1	9872118	9872590	1	9852330	9852802	000000
1	12798623	12798920	1	12739044	12739341	000000
1	13996345	13996522	1	13935335	13935512	000000
1	13729083	13729244	1	13674301	13674462	000000
1	8094503	8094743	1	8074924	8075164	000000
1	7984118	7984642	1	7964571	7965095	000000
1	3395925	3396167	1	3368314	3368556	000000
1	1808500	1808783	1	1813412	1813695	000000
2	762040	762236	2	736915	737111	000000
2	836231	836436	2	810150	810355	000000
2	1292032	1292292	2	1231667	1231927	000000
2	2444361	2444572	2	2272591	2272802	000000
2	2447645	2447856	2	2275948	2276159	000000
2	3066896	3067085	2	2928967	2929156	000000
2	4362096	4362216	2	4216476	4216596	000000
2	8182241	8182716	2	8005763	8006238	000000
2	15212903	15213217	2	15158304	15158618	000000
2	14857234	14857798	2	14656402	14656966	000000
2	9882291	9882748	2	9702585	9703042	000000
2	4834699	4834885	2	4689823	4690009	000000
2	3032614	3032875	2	2894951	2895212	000000
2	2441317	2441635	2	2269549	2269867	000000
2	1101504	1101776	2	1044040	1044312	000000
3	2663609	2663846	3	2622453	2622690	000000
3	3202147	3202374	3	3157645	3157872	000000
3	3368407	3368929	3	3322880	3323402	000000
3	5483831	5483996	3	5437664	5437829	000000
3	8015691	8015934	3	7921300	7921543	000000
3	8264121	8264382	3	8169648	8169909	000000
3	11537622	11537812	3	11421730	11421920	000000
3	13199304	13199731	3	12595412	12595839	000000
3	11703493	11703640	3	11572674	11572821	000000
3	7011662	7012081	3	6963614	6964033	000000
3	3074520	3074714	3	3031226	3031420	000000
4	1475488	1475690	4	1444711	1444913	000000
4	2751960	2752278	4	2663065	2663383	000000
4	2986953	2987161	4	2895215	2895423	000000
4	3998667	3998871	4	3901348	3901552	000000
4	6672788	6672995	4	6512522	6512729	000000
4	6754170	6754490	4	6588348	6588668	000000
4	8442947	8443450	4	8272589	8273092	000000
4	9912582	9912942	4	9741114	9741474	000000
4	9927041	9927613	4	9755573	9756145	000000
4	10719220	10719831	4	10548902	10549513	000000
4	13679128	13679316	4	13474540	13474728	000000
4	17112577	17112990	4	16811595	16812008	000000
4	13416487	13416725	4	13219489	13219727	000000
4	12939343	12939488	4	12751963	12752108	000000
4	7732267	7732753	4	7561976	7562462	000000
4	1481158	1481308	4	1450383	1450533	000000
5	6342616	6342754	5	6048786	6048924	000000
5	11839028	11839238	5	11510612	11510822	000000
5	13954985	13955519	5	13617802	13618336	000000
5	14646803	14647305	5	14303270	14303772	000000
5	17706472	17706800	5	17422880	17423208	000000
5	17707262	17707422	5	17423670	17423830	000000
5	17954159	17954323	5	17665356	17665520	000000
5	19198297	19198445	5	18878300	18878448	000000
5	20655746	20655959	5	20249040	20249253	000000
5	20139385	20139627	5	19782136	19782378	000000
5	20057429	20057748	5	19698918	19699237	000000
5	19082520	19082670	5	18765621	18765771	000000
5	16194227	16194574	5	16061686	16062033	000000
5	12814935	12815086	5	12479317	12479468	000000
5	7891906	7892107	5	7580181	7580382	000000
5	5812764	5813079	5	5537629	5537944	000000
6	1880997	1881326	6	1813169	1813498	000000
6	2503351	2503504	6	2414052	2414205	000000
6	2940643	2940784	6	2852782	2852923	000000
6	4416110	4416404	6	4285069	4285363	000000
6	4750360	4750539	6	4617951	4618130	000000
6	7794985	7795205	6	7639492	7639712	000000
6	8036838	8037044	6	7880740	7880946	000000
6	14379261	14379466	6	14211241	14211446	000000
6	15401170	15401482	6	15242924	15243236	000000
6	12904216	12904801	6	12736535	12737120	000000
6	11755262	11755640	6	11589958	11590336	000000
6	10929143	10929681	6	10764783	10765321	000000
6	9962613	9963094	6	9800462	9800943	000000
6	8823059	8823458	6	8665415	8665814	000000
6	5785356	5785743	6	5647234	5647621	000000
6	2666395	2666661	6	2577928	2578194	000000
6	2475849	2475984	6	2386541	2386676	000000
6	1874862	1875016	6	1806761	1806915	000000
1	69809	70315	1	70049	70555	000000
1	125000	125213	1	125361	125574	000000
1	485375	485508	1	489645	489778	000000
1	619977	620601	1	621556	622180	000000
1	695468	695610	1	692538	692680	000000
1	800529	800678	1	796063	796212	000000
1	797703	797925	1	793235	793457	000000
1	911678	912046	1	908471	908839	000000
1	1026475	1026869	1	1022498	1022892	000000
1	1546072	1546205	1	1532769	1532902	000000
1	1760393	1760651	1	1751869	1752127	000000
1	1942804	1943011	1	1941640	1941847	000000
1	2181320	2181529	1	2178507	2178716	000000
1	2430101	2430310	1	2411007	2411216	000000
1	2750037	2750341	1	2724049	2724353	000000
1	3159352	3159540	1	3132027	3132215	000000
1	3649260	3649442	1	3617370	3617552	000000
1	4240867	4241049	1	4211047	4211229	000000
1	4416751	4417206	1	4398654	4399109	000000
1	4647729	4647917	1	4631276	4631464	000000
1	5894688	5895149	1	5878774	5879235	000000
1	7642757	7643371	1	7625809	7626423	000000
1	8736133	8736298	1	8708144	8708309	000000
1	9210797	9211241	1	9183478	9183922	000000
1	9518278	9518482	4	16461418	16461622	000000
1	9612167	9612539	1	9591059	9591431	000000
1	10821819	10822218	1	10800822	10801221	000000
1	11227423	11227704	1	11205036	11205317	000000
1	11159302	11159815	1	11135443	11135956	000000
1	11849628	11849887	1	11798425	11798684	000000
1	11919866	11920173	1	11858956	11859263	000000
1	12263844	12264142	1	12198116	12198414	000000
1	12545197	12545558	1	12478006	12478367	000000
1	12558637	12558888	1	12491447	12491698	000000
1	12950906	12951149	1	12889849	12890092	000000
1	13382159	13382489	1	13325070	13325400	000000
1	13608497	13608985	1	13551344	13551832	000000
1	13556994	13557278	1	13501375	13501659	000000
1	13643597	13644080	1	13589171	13589654	000000
1	13935262	13935430	1	13876981	13877149	000000
1	14324396	14324512	1	14264129	14264245	000000
1	14286735	14287101	1	14227575	14227941	000000
1	14547650	14547855	1	14485416	14485621	000000
2	477907	478109	2	460607	460809	000000
2	814266	814582	2	788256	788572	000000
2	1149470	1149710	2	1090894	1091134	000000
2	1380883	1381077	2	1319980	1320174	000000
2	2126345	2126636	2	1953256	1953547	000000
2	2441075	2441332	2	2269307	2269564	000000
2	2533722	2533945	2	2364761	2364984	000000
2	2654335	2654510	2	2498646	2498821	000000
2	3450435	3450859	2	3291418	3291842	000000
2	3721924	3722423	2	3574329	3574828	000000
2	4023011	4023170	2	3882692	3882851	000000
2	4509528	4509699	2	4363820	4363991	000000
2	6063209	6063411	2	5910824	5911026	000000
2	6328471	6328852	2	6176265	6176646	000000
2	7138160	7138726	2	6979186	6979752	000000
2	7234527	7234839	2	7065431	7065743	000000
2	7749422	7749748	2	7571359	7571685	000000
2	8492963	8493139	2	8314889	8315065	000000
2	9165280	9165582	2	8986807	8987109	000000
2	11731370	11731548	2	11546497	11546675	000000
2	11856287	11856541	2	11670555	11670809	000000
2	12165466	12165852	2	11979605	11979991	000000
2	12377994	12378128	2	12191053	12191187	000000
2	13877372	13877720	2	13702442	13702790	000000
2	14428030	14428192	2	14239552	14239714	000000
2	14537289	14537475	2	14348277	14348463	000000
2	14607836	14608023	2	14424903	14425090	000000
2	15109931	15110107	2	14903646	14903822	000000
2	15230598	15230794	2	15175161	15175357	000000
2	15230415	15230622	2	15174978	15175185	000000
3	984303	984489	3	959003	959189	000000
3	1051891	1052096	3	1027654	1027859	000000
3	1412888	1413058	3	1369848	1370018	000000
3	1745419	1745613	3	1702680	1702874	000000
3	2134998	2135169	3	2093308	2093479	000000
3	2312200	2312428	3	2269585	2269813	000000
3	2727577	2727719	3	2685883	2686025	000000
3	2698884	2699019	3	2657561	2657696	000000
3	2894652	2894877	3	2849651	2849876	000000
3	3053430	3053629	3	3008802	3009001	000000
3	3054973	3055121	3	3010516	3010664	000000
3	3304308	3304472	3	3258271	3258435	000000
3	3294904	3295051	3	3248865	3249012	000000
3	3267597	3267853	3	3222592	3222848	000000
3	3368404	3368734	3	3322877	3323207	000000
3	3578548	3578766	3	3532626	3532844	000000
3	7337458	7337603	3	7291272	7291417	000000
3	7349166	7349706	3	7303093	7303633	000000
3	7752007	7752351	3	7658157	7658501	000000
3	8546521	8546680	3	8453322	8453481	000000
3	8659987	8660159	3	8565326	8565498	000000
3	9116842	9117382	3	9010073	9010613	000000
3	9749697	9749877	3	9642368	9642548	000000
3	10686758	10687055	3	10579262	10579559	000000
3	11304355	11304513	3	11196242	11196400	000000
3	11637333	11637694	3	11509482	11509843	000000
3	13009273	13009457	3	12408194	12408378	000000
4	823220	823421	4	809568	809769	000000
4	881356	881506	4	868174	868324	000000
4	1468001	1468212	4	1437162	1437373	000000
4	1471386	1471577	4	1440547	1440738	000000
4	1469127	1469435	4	1438289	1438597	000000
4	1630835	1630978	4	1595145	1595288	000000
4	1922317	1922505	4	1884004	1884192	000000
4	2766109	2766378	4	2674797	2675066	000000
4	2766990	2767182	4	2675679	2675871	000000
4	3025154	3025314	4	2933723	2933883	000000
4	3525337	3525471	4	3425415	3425549	000000
4	4199162	4199423	4	4059948	4060209	000000
4	4933093	4933318	4	4787741	4787966	000000
4	5434312	5434516	4	5278609	5278813	000000
4	6621005	6621204	4	6460993	6461192	000000
4	7328497	7328668	4	7162221	7162392	000000
4	7698534	7698884	4	7528213	7528563	000000
4	7838531	7838709	4	7668185	7668363	000000
4	9002853	9003258	4	8831851	8832256	000000
4	10962311	10962550	4	10792028	10792267	000000
4	11319422	11319620	4	11149179	11149377	000000
4	12267643	12267948	4	12090131	12090436	000000
4	13065204	13065352	4	12878198	12878346	000000
4	13241996	13242211	4	13049045	13049260	000000
4	13651211	13651354	4	13449841	13449984	000000
4	13941229	13941512	4	13729263	13729546	000000
4	14763195	14763633	4	14535547	14535985	000000
4	14856963	14857137	4	14629544	14629718	000000
4	15172041	15172248	4	14937901	14938108	000000
4	15973907	15974096	4	15736730	15736919	000000
4	16040811	16040956	4	15802944	15803089	000000
4	16396658	16396811	4	16102325	16102478	000000
4	16556719	16556917	4	16261397	16261595	000000
4	16772998	16773186	4	16471525	16471713	000000
4	17361295	17361554	4	17056668	17056927	000000
4	17364474	17364733	4	17059847	17060106	000000
5	207986	208192	5	208228	208434	000000
5	333202	333393	5	331919	332110	000000
5	821975	822580	5	816726	817331	000000
5	824574	824863	5	818285	818574	000000
5	883705	883874	5	876987	877156	000000
5	1807567	1807966	5	1789153	1789552	000000
5	2074487	2074715	5	2046100	2046328	000000
5	2227346	2227544	5	2198383	2198581	000000
5	2960090	2960549	5	2812691	2813150	000000
5	3482768	3482957	5	3240504	3240693	000000
5	3542529	3542908	5	3301553	3301932	000000
5	3726168	3726524	5	3480899	3481255	000000
5	4077354	4077472	5	3822498	3822616	000000
5	4475557	4475782	5	4207427	4207652	000000
5	4986723	4986881	5	4712002	4712160	000000
5	5520928	5521376	5	5249465	5249913	000000
5	5663602	5663800	5	5389331	5389529	000000
5	5949555	5949737	5	5674472	5674654	000000
5	6288455	6288940	5	5994825	5995310	000000
5	6462475	6462622	5	6160655	6160802	000000
5	12685399	12685522	5	12349414	12349537	000000
5	13031059	13031333	5	12695436	12695710	000000
5	14714175	14714528	5	14370628	14370981	000000
5	15461813	15462037	5	15108803	15109027	000000
5	15478813	15478974	5	15126365	15126526	000000
5	16791174	16791373	5	16645396	16645595	000000
5	16828452	16828585	5	16682745	16682878	000000
5	16832746	16832882	5	16687037	16687173	000000
5	16889590	16889761	5	16776422	16776593	000000
5	17713368	17713603	5	17445655	17445890	000000
5	17806079	17806303	5	17539292	17539516	000000
5	17897830	17897971	5	17608865	17609006	000000
5	18752474	18752660	5	18439347	18439533	000000
5	18748240	18748380	5	18436164	18436304	000000
5	18850258	18850456	5	18533237	18533435	000000
5	18922337	18922593	5	18601048	18601304	000000
5	18950490	18950671	5	18629701	18629882	000000
5	18947860	18947981	5	18627151	18627272	000000
5	19084012	19084207	5	18767084	18767279	000000
5	19231170	19231318	5	18909647	18909795	000000
5	19149883	19150218	5	18827649	18827984	000000
5	19581585	19581805	5	19230226	19230446	000000
5	19869981	19870322	5	19515452	19515793	000000
5	19961460	19961740	5	19595003	19595283	000000
5	20057851	20058078	5	19699340	19699567	000000
5	20081571	20081770	5	19723128	19723327	000000
5	20280457	20280598	5	19895906	19896047	000000
5	20846499	20846668	5	20439487	20439656	000000
5	20890532	20890708	5	20483507	20483683	000000
6	54797	54953	6	42140	42296	000000
6	145420	145625	6	127708	127913	000000
6	325546	325817	6	294039	294310	000000
6	746687	746926	6	716198	716437	000000
6	1444802	1445062	6	1406860	1407120	000000
6	2393427	2394031	6	2303818	2304422	000000
6	2666409	2666663	6	2577942	2578196	000000
6	3316657	3316816	6	3221358	3221517	000000
6	4120229	4120613	6	3999827	4000211	000000
6	4249523	4249780	6	4128895	4129152	000000
6	4378157	4378572	6	4247141	4247556	000000
6	4642887	4643319	6	4510944	4511376	000000
6	6354081	6354315	6	6211011	6211245	000000
6	6752171	6752380	6	6610019	6610228	000000
6	7676506	7676722	6	7521801	7522017	000000
6	8637005	8637247	6	8479749	8479991	000000
6	8785736	8785860	6	8628187	8628311	000000
6	9195336	9195528	6	9035083	9035275	000000
6	9774157	9774452	6	9612016	9612311	000000
6	13057908	13058503	6	12890208	12890803	000000
6	13002590	13002758	6	12834773	12834941	000000
6	15861128	15861623	6	15698157	15698652	000000
6	16383771	16383938	6	16222934	16223101	000000
6	16624355	16624661	6	16463592	16463898	000000
6	17311068	17311655	6	17154833	17155420	000000
1	431415	432362	1	435876	436823	000000
1	739953	741258	1	736489	737794	000000
1	888762	889694	1	886372	887304	000000
1	948791	950180	1	943471	944860	000000
1	952876	954159	1	947563	948846	000000
1	1020656	1021306	1	1015944	1016594	000000
1	1042832	1043648	1	1036772	1037588	000000
1	1581100	1581853	1	1569432	1570185	000000
1	1670541	1671529	1	1663838	1664826	000000
1	2058287	2062617	1	2057191	2061521	000000
1	2074782	2075397	1	2073689	2074304	000000
1	2146491	2147540	1	2144747	2145796	000000
1	2211717	2213457	1	2208748	2210488	000000
1	2291580	2292310	1	2287934	2288664	000000
1	2417939	2419334	1	2398854	2400249	000000
1	2427586	2428529	1	2408492	2409435	000000
1	2881141	2881804	1	2854742	2855405	000000
1	3066142	3066840	1	3039746	3040444	000000
1	3169274	3170090	1	3141949	3142765	000000
1	3234762	3235538	1	3207235	3208011	000000
1	3776005	3777268	1	3747574	3748837	000000
1	3868567	3870398	1	3839214	3841045	000000
1	4164064	4165885	1	4134524	4136345	000000
1	4719591	4722051	1	4704472	4706932	000000
1	4994822	4995916	1	4979796	4980890	000000
1	5107575	5108904	1	5092515	5093844	000000
1	5292363	5293875	1	5277433	5278945	000000
1	5385852	5386649	1	5370955	5371752	000000
1	5610988	5612296	1	5595192	5596500	000000
1	6607654	6609226	1	6591046	6592618	000000
1	6740574	6741947	1	6724006	6725379	000000
1	6779556	6780443	1	6762988	6763875	000000
1	8946002	8947403	1	8918810	8920211	000000
1	9588953	9590649	1	9561256	9562952	000000
1	9633311	9634581	1	9613304	9614574	000000
1	10818001	10825606	1	10797004	10804609	000000
1	10851979	10853407	1	10830993	10832421	000000
1	11149480	11150078	1	11125664	11126262	000000
1	11308290	11309230	1	11288016	11288956	000000
1	11632174	11633306	1	11584221	11585353	000000
1	12011701	12012608	1	11946167	11947074	000000
1	12193393	12194095	1	12125157	12125859	000000
1	12466349	12466961	1	12400827	12401439	000000
1	13153807	13154561	1	13092153	13092907	000000
1	13460005	13461895	1	13406286	13408176	000000
1	13522179	13523045	1	13466981	13467847	000000
1	13588227	13589039	1	13531069	13531881	000000
1	14135515	14137363	1	14080588	14082436	000000
1	14258183	14259595	1	14199143	14200555	000000
1	14405487	14406111	1	14341697	14342321	000000
1	14513169	14514008	1	14450667	14451506	000000
1	14534119	14534857	1	14472284	14473022	000000
1	14602534	14603431	1	14539339	14540236	000000
1	14635029	14635761	1	14571771	14572503	000000
1	10819859	10822740	1	10798862	10801743	000000
1	10762026	10764985	1	10741007	10743966	000000
1	5107612	5108766	1	5092552	5093706	000000
1	3330142	3331163	1	3302523	3303544	000000
1	1333947	1336354	1	1323623	1326030	000000
2	588060	590042	2	567337	569319	000000
2	701267	704175	2	677190	680098	000000
2	1383894	1385793	2	1322990	1324889	000000
2	1445384	1447382	2	1383450	1385448	000000
2	2693189	2695695	2	2539656	2542162	000000
2	2751247	2752205	2	2599654	2600612	000000
2	2913340	2913934	2	2764732	2765326	000000
2	3105077	3105686	2	2966238	2966847	000000
2	3780913	3782528	2	3628813	3630428	000000
2	4077911	4078691	2	3937719	3938499	000000
2	4256634	4257222	2	4111250	4111838	000000
2	4352013	4352823	2	4206366	4207176	000000
2	4450475	4451251	2	4304693	4305469	000000
2	5114420	5115892	2	4971703	4973175	000000
2	5556878	5557591	2	5413480	5414193	000000
2	6255033	6255958	2	6102780	6103705	000000
2	6452561	6454116	2	6300368	6301923	000000
2	6715427	6716367	2	6562179	6563119	000000
2	6749418	6749944	2	6596163	6596689	000000
2	7016649	7019005	2	6860094	6862450	000000
2	7221947	7224976	2	7052854	7055883	000000
2	7383648	7384300	2	7214647	7215299	000000
2	8881288	8882901	2	8703062	8704675	000000
2	9393236	9397080	2	9214566	9218410	000000
2	9649263	9650174	2	9470883	9471794	000000
2	9815776	9824269	2	9636359	9644852	000000
2	10053154	10054507	2	9872875	9874228	000000
2	10584790	10586080	2	10402442	10403732	000000
2	10743587	10746667	2	10560278	10563358	000000
2	11219542	11221167	2	11032934	11034559	000000
2	11355833	11356637	2	11169658	11170462	000000
2	12102458	12103027	2	11916744	11917313	000000
2	13147011	13147814	2	12964543	12965346	000000
2	13434822	13435522	2	13247944	13248644	000000
2	13604084	13605388	2	13406963	13408267	000000
2	13710917	13711832	2	13524510	13525425	000000
2	13754710	13755680	2	13568487	13569457	000000
2	14119045	14120408	2	13943330	13944693	000000
2	14905547	14906825	2	14705545	14706823	000000
2	15104670	15105455	2	14898384	14899169	000000
2	15282027	15282924	2	15227383	15228280	000000
2	13604250	13605212	2	13407129	13408091	000000
2	4077983	4078622	2	3937791	3938430	000000
3	302615	303413	3	285368	286166	000000
3	354932	357787	3	332532	335387	000000
3	404552	405408	3	381769	382625	000000
3	868660	869574	3	836643	837557	000000
3	1337535	1339517	3	1304858	1306840	000000
3	1575922	1576809	3	1532518	1533405	000000
3	1593440	1594753	3	1550626	1551939	000000
3	1685579	1688691	3	1643397	1646509	000000
3	1791702	1792780	3	1750507	1751585	000000
3	1950034	1952647	3	1906498	1909111	000000
3	2251704	2252419	3	2209378	2210093	000000
3	2999265	3000571	3	2953487	2954793	000000
3	3140696	3142321	3	3097264	3098889	000000
3	3172668	3173770	3	3128912	3130014	000000
3	3530070	3531518	3	3484133	3485581	000000
3	3849472	3851465	3	3805238	3807231	000000
3	5595604	5603039	3	5549122	5556557	000000
3	5803912	5805520	3	5757427	5759035	000000
3	6556383	6557295	3	6509436	6510348	000000
3	6701914	6702874	3	6654010	6654970	000000
3	6931028	6932952	3	6883199	6885123	000000
3	7168181	7169454	3	7120131	7121404	000000
3	8607002	8607743	3	8512514	8513255	000000
3	9467485	9469457	3	9359925	9361897	000000
3	11169172	11169932	3	11061928	11062688	000000
3	11183433	11184328	3	11076082	11076977	000000
3	11313980	11314780	3	11205868	11206668	000000
3	11764818	11765408	3	11634102	11634692	000000
3	12547578	12548605	3	11868373	11869400	000000
3	12642093	12644741	3	11963223	11965871	000000
3	13156656	13158362	3	12551541	12553247	000000
3	13229502	13230410	3	12619708	12620616	000000
3	13338494	13339172	3	12729471	12730149	000000
3	13018026	13022644	3	12416949	12421567	000000
3	2098712	2099876	3	2052369	2053533	000000
4	181621	185090	4	184782	188251	000000
4	1030782	1031513	4	1013168	1013899	000000
4	1874239	1875345	4	1835757	1836863	000000
4	1935686	1936310	4	1895019	1895643	000000
4	1984986	1987376	4	1942985	1945375	000000
4	2170078	2171002	4	2125090	2126014	000000
4	2680962	2681639	4	2597284	2597961	000000
4	2686951	2687675	4	2603279	2604003	000000
4	2953760	2954672	4	2861655	2862567	000000
4	2986876	2987487	4	2895138	2895749	000000
4	3070067	3070969	4	2977982	2978884	000000
4	3094507	3095344	4	3002333	3003170	000000
4	3582958	3583750	4	3481956	3482748	000000
4	4097231	4098002	4	3999686	4000457	000000
4	4106665	4107628	4	4009164	4010127	000000
4	4474462	4475429	4	4336419	4337386	000000
4	4933052	4933735	4	4787700	4788383	000000
4	5294816	5298488	4	5139185	5142857	000000
4	5312674	5316967	4	5156943	5161236	000000
4	5455231	5456563	4	5299477	5300809	000000
4	5845870	5849064	4	5688261	5691455	000000
4	6515681	6516565	4	6355755	6356639	000000
4	6966460	6969244	4	6800755	6803539	000000
4	7702302	7703578	4	7531981	7533257	000000
4	7947116	7948544	4	7776713	7778141	000000
4	9028552	9030165	4	8857554	8859167	000000
4	9595508	9597510	4	9424926	9426928	000000
4	10142844	10144460	4	9972819	9974435	000000
4	10308013	10309596	4	10136548	10138131	000000
4	10532096	10537550	4	10361762	10367216	000000
4	10707586	10709304	4	10537268	10538986	000000
4	11197847	11202263	4	11027582	11031998	000000
4	11660334	11661870	4	11488238	11489774	000000
4	12607697	12609249	4	12422526	12424078	000000
4	13689044	13690118	4	13484461	13485535	000000
4	14134834	14136296	4	13918486	13919948	000000
4	15212767	15214404	4	14977600	14979237	000000
4	15641416	15643919	4	15410602	15413105	000000
4	16862875	16864740	4	16561692	16563557	000000
4	16917636	16918690	4	16617780	16618834	000000
4	16976671	16977767	4	16675930	16677026	000000
4	17167377	17169067	4	16862135	16863825	000000
4	3157362	3158175	4	3064794	3065607	000000
5	45851	47544	5	45966	47659	000000
5	160800	161473	5	161030	161703	000000
5	182013	183581	5	182254	183822	000000
5	214571	215572	5	214739	215740	000000
5	1269329	1270403	5	1258461	1259535	000000
5	1330857	1331581	5	1319700	1320424	000000
5	1344959	1348715	5	1333804	1337560	000000
5	1867835	1868463	5	1847808	1848436	000000
5	3162951	3163859	5	3009089	3009997	000000
5	3701398	3702095	5	3456173	3456870	000000
5	3992612	3994096	5	3741615	3743099	000000
5	4216550	4217504	5	3960716	3961670	000000
5	4891517	4896286	5	4616969	4621738	000000
5	5004253	5005242	5	4729658	4730647	000000
5	5604514	5605694	5	5332282	5333462	000000
5	6971229	6971997	5	6664281	6665049	000000
5	7311261	7312537	5	7003208	7004484	000000
5	7529711	7531453	5	7224266	7226008	000000
5	8160159	8161461	5	7845751	7847053	000000
5	8487673	8498738	5	8171040	8182105	000000
5	8701031	8702590	5	8384830	8386389	000000
5	9102914	9103981	5	8776864	8777931	000000
5	9237860	9239133	5	8914433	8915706	000000
5	9490638	9491786	5	9165730	9166878	000000
5	9630946	9633643	5	9304512	9307209	000000
5	9636569	9639550	5	9310135	9313116	000000
5	9810382	9811863	5	9484011	9485492	000000
5	10295850	10297466	5	9968741	9970357	000000
5	10705271	10706181	5	10377978	10378888	000000
5	10997627	10999226	5	10670701	10672300	000000
5	11165624	11167037	5	10838531	10839944	000000
5	11336515	11338132	5	11009486	11011103	000000
5	13149991	13150924	5	12814583	12815516	000000
5	13485868	13487016	5	13149839	13150987	000000
5	13522122	13524830	5	13186168	13188876	000000
5	14337409	14342644	5	13996706	14001941	000000
5	14378885	14380170	5	14036252	14037537	000000
5	14728903	14730515	5	14385354	14386966	000000
5	15659942	15661329	5	15311347	15312734	000000
5	16454511	16456172	5	16309309	16310970	000000
5	16839694	16840477	5	16693990	16694773	000000
5	18125725	18126523	5	17831073	17831871	000000
5	18345042	18345896	5	18046335	18047189	000000
5	18592969	18593990	5	18286837	18287858	000000
5	19364246	19365179	5	19024640	19025573	000000
5	19574398	19577356	5	19223035	19225993	000000
5	20199821	20200466	5	19819119	19819764	000000
5	20885140	20885919	5	20478115	20478894	000000
5	18433378	18436971	5	18129537	18133130	000000
5	4757609	4758276	5	4490318	4490985	000000
5	2080929	2081708	5	2052597	2053376	000000
6	654052	655689	6	623566	625203	000000
6	1012451	1013150	6	982118	982817	000000
6	1413070	1414331	6	1374836	1376097	000000
6	1585567	1587697	6	1546306	1548436	000000
6	1609381	1610548	6	1570065	1571232	000000
6	1735074	1736638	6	1695829	1697393	000000
6	1970802	1971736	6	1888132	1889066	000000
6	2037735	2038639	6	1948357	1949261	000000
6	2175630	2176562	6	2085752	2086684	000000
6	3212149	3212998	6	3116839	3117688	000000
6	4088840	4089636	6	3968688	3969484	000000
6	4210237	4211625	6	4089595	4090983	000000
6	6849608	6850518	6	6707391	6708301	000000
6	7111954	7112820	6	6969231	6970097	000000
6	7186573	7187657	6	7043866	7044950	000000
6	7313629	7314214	6	7170725	7171310	000000
6	8069932	8070728	6	7914197	7914993	000000
6	8146053	8148052	6	7990454	7992453	000000
6	8250727	8258834	6	8094561	8102668	000000
6	8343273	8344137	6	8187183	8188047	000000
6	8633540	8634489	6	8476304	8477253	000000
6	9481093	9482029	6	9319493	9320429	000000
6	10367345	10368009	6	10205052	10205716	000000
6	10853959	10854879	6	10689688	10690608	000000
6	13463757	13464701	6	13296284	13297228	000000
6	13588297	13589298	6	13420807	13421808	000000
6	14078940	14079799	6	13912155	13913014	000000
6	14149389	14150069	6	13982284	13982964	000000
6	14189844	14190928	6	14022895	14023979	000000
6	14223776	14224900	6	14056324	14057448	000000
6	14381881	14382790	6	14213860	14214769	000000
6	14756926	14758176	6	14589115	14590365	000000
6	15151326	15152182	6	14993630	14994486	000000
6	15466667	15467268	6	15300781	15301382	000000
6	15968568	15974303	6	15806803	15812538	000000
6	16187871	16188772	6	16026686	16027587	000000
6	16366708	16367500	6	16205872	16206664	000000
6	16475770	16476686	6	16315033	16315949	000000
6	16929773	16930904	6	16770648	16771779	000000
6	16971918	16973461	6	16816027	16817570	000000
6	17564103	17566527	6	17409874	17412298	000000
1	11883	12353	1	11473	11943	000000
1	361719	361944	1	367273	367498	000000
1	369245	369461	1	374806	375022	000000
1	524960	525136	1	529208	529384	000000
1	524997	525102	1	529245	529350	000000
1	581212	581500	1	585774	586062	000000
1	598185	598594	1	602660	603069	000000
1	614090	614414	1	615826	616150	000000
1	616230	616409	1	617956	618135	000000
1	645220	645375	1	645673	645828	000000
1	647395	647625	1	647851	648081	000000
1	653514	653703	1	653077	653266	000000
1	707079	707306	1	703673	703900	000000
1	721088	721303	1	717587	717802	000000
1	754337	754502	1	750372	750537	000000
1	838442	838619	1	834701	834878	000000
1	901829	902402	1	898729	899302	000000
1	922550	922720	1	918659	918829	000000
1	1001812	1002030	1	997269	997487	000000
1	1008139	1008380	1	1003584	1003825	000000
1	1011486	1011712	1	1006953	1007179	000000
1	1057002	1057344	1	1050918	1051260	000000
1	1163676	1164422	1	1155306	1156052	000000
1	1231985	1232179	1	1222568	1222762	000000
1	1312872	1313120	1	1302125	1302373	000000
1	1410260	1410418	1	1399507	1399665	000000
1	1412681	1412904	1	1402048	1402271	000000
1	1469035	1469255	1	1458021	1458241	000000
1	1476758	1476999	1	1465675	1465916	000000
1	1548318	1548539	1	1535007	1535228	000000
1	1575222	1575327	1	1563626	1563731	000000
1	1582260	1582499	1	1570593	1570832	000000
1	1613301	1613513	1	1601118	1601330	000000
1	1630876	1631028	1	1619579	1619731	000000
1	1726254	1726437	1	1721170	1721353	000000
1	1774711	1774879	1	1765285	1765453	000000
1	1777929	1778104	1	1768492	1768667	000000
1	1785680	1786253	1	1776112	1776685	000000
1	1810711	1810940	1	1815623	1815852	000000
1	1860772	1860918	1	1862585	1862731	000000
1	1875450	1875673	1	1877208	1877431	000000
1	1885840	1886468	1	1887581	1888209	000000
1	1914278	1914430	1	1918141	1918293	000000
1	1975917	1976094	1	1975722	1975899	000000
1	2032988	2033213	1	2032065	2032290	000000
1	2087858	2088208	1	2086648	2086998	000000
1	2088387	2088607	1	2087176	2087396	000000
1	2094841	2095018	1	2093667	2093844	000000
1	2326550	2326887	1	2322934	2323271	000000
1	2395162	2395294	1	2376068	2376200	000000
1	2428394	2428631	1	2409300	2409537	000000
1	2469467	2469793	1	2450429	2450755	000000
1	2600724	2601017	1	2576155	2576448	000000
1	2651242	2651369	1	2626186	2626313	000000
1	2701479	2701722	1	2674058	2674301	000000
1	2782384	2782703	1	2756575	2756894	000000
1	2839629	2839817	1	2813527	2813715	000000
1	2880668	2880826	1	2854268	2854426	000000
1	2962788	2963118	1	2935784	2936114	000000
1	3012256	3012501	1	2985033	2985278	000000
1	3136016	3136408	1	3108714	3109106	000000
1	3490869	3491081	1	3463263	3463475	000000
1	3519407	3519648	1	3488005	3488246	000000
1	3524673	3525004	1	3493263	3493594	000000
1	3634581	3634912	1	3602689	3603020	000000
1	3636361	3636555	1	3604468	3604662	000000
1	4536706	4536918	1	4520432	4520644	000000
1	5203326	5203677	1	5188400	5188751	000000
1	9631937	9632274	1	9611930	9612267	000000
1	11737237	11737431	1	11690664	11690858	000000
1	11779072	11779251	1	11726457	11726636	000000
1	11798517	11798673	1	11746046	11746202	000000
1	12091297	12091675	1	12025724	12026102	000000
1	12093340	12093559	1	12027771	12027990	000000
1	12208606	12208779	1	12140476	12140649	000000
1	12214617	12214951	1	12146468	12146802	000000
1	13102042	13102214	1	13039492	13039664	000000
1	13359170	13359267	1	13302057	13302154	000000
1	13372310	13372660	1	13315207	13315557	000000
1	13405361	13405550	1	13348498	13348687	000000
1	13566927	13567280	1	13511149	13511502	000000
1	13572583	13572828	1	13515298	13515543	000000
1	13715236	13715452	1	13660506	13660722	000000
1	14171115	14171269	1	14111850	14112004	000000
1	14206652	14206831	1	14147038	14147217	000000
1	14355910	14356007	1	14290460	14290557	000000
1	14376660	14376840	1	14311244	14311424	000000
1	14635029	14635772	1	14571771	14572514	000000
1	14685851	14686377	1	14622231	14622757	000000
1	14913101	14913532	1	14844722	14845153	000000
1	15030933	15031230	1	14962632	14962929	000000
2	924847	925034	2	874877	875064	000000
2	1279446	1279605	2	1219168	1219327	000000
2	1316550	1316722	2	1255122	1255294	000000
2	1491903	1492076	2	1430024	1430197	000000
2	1511438	1511612	2	1449378	1449552	000000
2	1644991	1645175	2	1586916	1587100	000000
2	2124471	2124914	2	1951383	1951826	000000
2	3493456	3493692	2	3333394	3333630	000000
2	3586213	3586373	2	3426401	3426561	000000
2	3825826	3825954	2	3675498	3675626	000000
2	3934093	3934566	2	3792375	3792848	000000
2	6601028	6601328	2	6449384	6449684	000000
2	6995861	6996055	2	6839354	6839548	000000
2	9423273	9423387	2	9244280	9244394	000000
2	11892733	11893073	2	11706819	11707159	000000
2	11998032	11998245	2	11812052	11812265	000000
2	12192095	12192327	2	12006282	12006514	000000
2	12201282	12201514	2	12015872	12016104	000000
2	12213108	12213439	2	12027193	12027524	000000
2	12225173	12225528	2	12038766	12039121	000000
2	12327010	12327257	2	12139965	12140212	000000
2	12333946	12334180	2	12146885	12147119	000000
2	12383424	12383598	2	12196519	12196693	000000
2	12436012	12436694	2	12248079	12248761	000000
2	12488521	12488699	2	12302361	12302539	000000
2	12641653	12641974	2	12464718	12465039	000000
2	12785437	12785661	2	12602975	12603199	000000
2	12842173	12842413	2	12659970	12660210	000000
2	12927459	12928013	2	12745871	12746425	000000
2	12929533	12929874	2	12747945	12748286	000000
2	12991185	12991494	2	12809435	12809744	000000
2	12999354	12999783	2	12817602	12818031	000000
2	13032573	13032732	2	12850672	12850831	000000
2	13128234	13128424	2	12945978	12946168	000000
2	13266230	13266452	2	13083530	13083752	000000
2	13509860	13509977	2	13316350	13316467	000000
2	13619644	13619891	2	13422054	13422301	000000
2	13637082	13637262	2	13438808	13438988	000000
2	13754719	13755687	2	13568496	13569464	000000
2	13907027	13907575	2	13731435	13731983	000000
2	14075505	14075627	2	13900651	13900773	000000
2	14225267	14225414	2	14049502	14049649	000000
2	14312606	14312920	2	14141245	14141559	000000
2	14551534	14551714	2	14368277	14368457	000000
2	15165611	15165817	2	14959877	14960083	000000
3	208656	208818	3	190144	190306	000000
3	620573	620672	3	597505	597604	000000
3	663782	663981	3	641842	642041	000000
3	748820	749280	3	718331	718791	000000
3	803823	804428	3	772106	772711	000000
3	1656871	1657248	3	1614244	1614621	000000
3	1658655	1658871	3	1616028	1616244	000000
3	1816702	1816905	3	1775807	1776010	000000
3	1825356	1825573	3	1784624	1784841	000000
3	2140010	2140239	3	2098339	2098568	000000
3	2310274	2310959	3	2267659	2268344	000000
3	2453170	2453380	3	2412488	2412698	000000
3	2543615	2543779	3	2502634	2502798	000000
3	2555110	2555463	3	2514114	2514467	000000
3	2857039	2857422	3	2812206	2812589	000000
3	3057925	3057981	3	3013324	3013380	000000
3	3143756	3144017	3	3099981	3100242	000000
3	3249960	3250212	3	3205841	3206093	000000
3	9522600	9523023	3	9415040	9415463	000000
3	9795507	9795681	3	9688177	9688351	000000
3	10100427	10100748	3	9992394	9992715	000000
3	10125561	10125671	3	10018309	10018419	000000
3	10188277	10188467	3	10081508	10081698	000000
3	10324987	10325298	3	10218310	10218621	000000
3	11331563	11331892	3	11223395	11223724	000000
3	11613615	11613791	3	11496722	11496898	000000
3	11911146	11911541	3	11777088	11777483	000000
3	11916850	11917019	3	11782785	11782954	000000
3	12585851	12586023	3	11908111	11908283	000000
3	12607144	12607349	3	11928360	11928565	000000
3	12617889	12618113	3	11939133	11939357	000000
3	12745286	12745863	3	12127369	12127946	000000
3	12814450	12814641	3	12211461	12211652	000000
3	12890604	12890826	3	12287148	12287370	000000
3	12929489	12929666	3	12327155	12327332	000000
3	12963262	12963594	3	12360905	12361237	000000
3	12983440	12983604	3	12381630	12381794	000000
3	12994343	12994544	3	12392532	12392733	000000
3	13103828	13103983	3	12502301	12502456	000000
3	13104359	13104514	3	12509120	12509275	000000
3	13113361	13113516	3	12509120	12509275	000000
3	13150913	13151138	3	12545783	12546008	000000
3	13219700	13219933	3	12609924	12610157	000000
3	13259046	13259484	3	12649254	12649692	000000
4	1026835	1027009	4	1009607	1009781	000000
4	1544509	1544682	4	1511585	1511758	000000
4	1564591	1564974	4	1531675	1532058	000000
4	1775763	1775938	4	1738326	1738501	000000
4	1907586	1907694	4	1869301	1869409	000000
4	2210821	2211041	4	2165742	2165962	000000
4	2605545	2605745	4	2521987	2522187	000000
4	2673884	2674058	4	2590186	2590360	000000
4	2976460	2976624	4	2884144	2884308	000000
4	3030373	3030621	4	2938902	2939150	000000
4	3060731	3060908	4	2969198	2969375	000000
4	3154213	3154412	4	3061647	3061846	000000
4	3205444	3205620	4	3112621	3112797	000000
4	3283723	3283891	4	3190700	3190868	000000
4	3405180	3405357	4	3309412	3309589	000000
4	3619369	3619860	4	3518592	3519083	000000
4	4319398	4319582	4	4180393	4180577	000000
4	6153441	6153619	4	5995759	5995937	000000
4	9286855	9287102	4	9116210	9116457	000000
4	9470005	9470407	4	9299304	9299706	000000
4	12806935	12807501	4	12622302	12622868	000000
4	13264133	13264322	4	13071312	13071501	000000
4	13367929	13368168	4	13172546	13172785	000000
4	13451844	13452415	4	13254786	13255357	000000
4	13515948	13516284	4	13314227	13314563	000000
4	13913463	13913711	4	13701559	13701807	000000
4	14806575	14806820	4	14578788	14579033	000000
4	15018064	15018186	4	14790797	14790919	000000
4	15197736	15197850	4	14962738	14962852	000000
4	15475679	15475837	4	15236801	15236959	000000
4	15649207	15649749	4	15418391	15418933	000000
4	15767874	15767973	4	15529359	15529458	000000
4	16001197	16001308	4	15764459	15764570	000000
4	16548898	16549111	4	16253572	16253785	000000
4	17042081	17042360	4	16741430	16741709	000000
5	100622	100967	5	101194	101539	000000
5	230121	230296	5	230090	230265	000000
5	911008	911187	5	903822	904001	000000
5	936040	936714	5	927972	928646	000000
5	944423	944661	5	936289	936527	000000
5	991980	992315	5	983292	983627	000000
5	1014085	1014217	5	1005262	1005394	000000
5	1118842	1119227	5	1109593	1109978	000000
5	1118845	1119064	5	1109596	1109815	000000
5	1187499	1187739	5	1177975	1178215	000000
5	1267516	1267728	5	1256648	1256860	000000
5	1368674	1368851	5	1357473	1357650	000000
5	1516200	1516349	5	1502700	1502849	000000
5	1556071	1556386	5	1542357	1542672	000000
5	1574560	1574746	5	1560154	1560340	000000
5	1674343	1674776	5	1660010	1660443	000000
5	1774364	1774858	5	1755868	1756362	000000
5	1776356	1776594	5	1757888	1758126	000000
5	1777810	1777996	5	1759341	1759527	000000
5	1843918	1844023	5	1824150	1824255	000000
5	1950511	1950701	5	1931371	1931561	000000
5	2005996	2006164	5	1986883	1987051	000000
5	2041802	2042169	5	2013363	2013730	000000
5	2047602	2047835	5	2019156	2019389	000000
5	2049864	2050277	5	2021416	2021829	000000
5	2072878	2073044	5	2044490	2044656	000000
5	2072924	2073015	5	2044536	2044627	000000
5	2103133	2103300	5	2074382	2074549	000000
5	2617809	2617985	5	2475794	2475970	000000
5	2720977	2721211	5	2578035	2578269	000000
5	2880750	2880906	5	2735583	2735739	000000
5	3230816	3231022	5	3077107	3077313	000000
5	3231547	3231785	5	3077838	3078076	000000
5	3599870	3600083	5	3356152	3356365	000000
5	3700661	3700839	5	3455436	3455614	000000
5	3803975	3804154	5	3557219	3557398	000000
5	3820577	3820732	5	3575299	3575454	000000
5	4224864	4225230	5	3969035	3969401	000000
5	4592661	4593005	5	4325234	4325578	000000
5	5120821	5121174	5	4846955	4847308	000000
5	5131994	5132171	5	4858226	4858403	000000
5	5729225	5729564	5	5454876	5455215	000000
5	6120488	6120843	5	5828207	5828562	000000
5	6302121	6302277	5	6008461	6008617	000000
5	7279447	7279741	5	6971078	6971372	000000
5	12922094	12922457	5	12586448	12586811	000000
5	15787019	15787219	5	15442367	15442567	000000
5	16522320	16522503	5	16387983	16388166	000000
5	17400385	17400823	5	17204084	17204522	000000
5	17560873	17561090	5	17281027	17281244	000000
5	17866365	17866566	5	17577755	17577956	000000
5	17971274	17971442	5	17683455	17683623	000000
5	18137698	18137914	5	17843347	17843563	000000
5	18762409	18762574	5	18449367	18449532	000000
5	19255868	19256266	5	18934082	18934480	000000
5	19737032	19737208	5	19385600	19385776	000000
5	19914857	19915017	5	19554303	19554463	000000
5	20877751	20878080	5	20470727	20471056	000000
5	20909522	20909696	5	20502504	20502678	000000
5	20943974	20944367	5	20536950	20537343	000000
6	85028	85784	6	68559	69315	000000
6	167209	167593	6	149121	149505	000000
6	791212	791395	6	760916	761099	000000
6	1492047	1492220	6	1455840	1456013	000000
6	2364691	2364865	6	2274981	2275155	000000
6	2744304	2744688	6	2655851	2656235	000000
6	2984383	2984784	6	2896408	2896809	000000
6	6020462	6020891	6	5877054	5877483	000000
6	9543968	9544322	6	9382360	9382714	000000
6	13517893	13518321	6	13350389	13350817	000000
6	14148574	14149253	6	13981469	13982148	000000
6	14402889	14403051	6	14230027	14230189	000000
6	14421003	14421187	6	14251548	14251732	000000
6	14489910	14490072	6	14320485	14320647	000000
6	14646351	14646776	6	14478408	14478833	000000
6	14793550	14793766	6	14625529	14625745	000000
6	14803095	14803316	6	14635075	14635296	000000
6	14815398	14815811	6	14647377	14647790	000000
6	14882661	14882935	6	14722509	14722783	000000
6	15128607	15129161	6	14970895	14971449	000000
6	15302947	15303386	6	15144476	15144915	000000
6	15344591	15345006	6	15186289	15186704	000000
6	15432364	15432612	6	15266401	15266649	000000
6	15460080	15460310	6	15294195	15294425	000000
6	15572920	15573333	6	15406663	15407076	000000
6	15641342	15641481	6	15476143	15476282	000000
6	15654231	15654659	6	15488868	15489296	000000
6	15686345	15686796	6	15521082	15521533	000000
6	15717435	15717865	6	15552779	15553209	000000
6	15958911	15959242	6	15797146	15797477	000000
6	16124490	16124974	6	15963355	15963839	000000
6	16185765	16186303	6	16024667	16025205	000000
6	16337457	16337837	6	16176572	16176952	000000
6	16372607	16373054	6	16211769	16212216	000000
6	16372614	16372822	6	16211776	16211984	000000
6	16384262	16384636	6	16223426	16223800	000000
6	17314513	17314900	6	17158280	17158667	000000
2	15078522	15078768	2	15004417	15004663	000000
2	15106115	15106710	2	15032989	15033584	000000
3	12618333	12618553	3	11999828	12000048	000000
3	11920134	11920314	3	11830659	11830839	000000
4	1964851	1965159	4	7804329	7804637	000000
5	3829715	3829925	6	7517613	7517823	000000
5	10825218	10825384	5	10497730	10497896	000000
2	14869251	14869368	2	14668662	14668779	000000
4	16512104	16512235	4	16217388	16217519	000000
4	16512596	16512727	4	16217880	16218011	000000
4	6672788	6672995	4	6512870	6513077	000000
2	15109931	15110107	2	15036805	15036981	000000
2	15104670	15105455	2	15031543	15032328	000000
3	12642093	12644741	3	12023466	12026114	000000
2	15165611	15165817	2	15110044	15110250	000000
3	11911146	11911541	3	11821677	11822072	000000
3	11916850	11917019	3	11827374	11827543	000000
3	12607144	12607349	3	11988614	11988819	000000
3	12617889	12618113	3	11999384	11999608	000000
3	13104359	13104514	3	12512020	12512175	000000
3	13113361	13113516	3	12512020	12512175	000000
4	15475679	15475837	4	15243069	15243227	000000
4	15767874	15767973	5	8608430	8608529	000000
