4	3
19	19
41	40
69	67
79	77
103	102
113	112
115	114
123	122
146	148
151	156
178	182
201	203
243	240
244	241
250	246
286	283
287	284
306	304
307	305
341	333
354	346
362	354
396	381
411	395
415	398
423	406
434	417
436	419
447	429
449	431
464	444
490	473
503	484
509	489
511	491
524	505
526	507
541	521
547	526
567	1077
570	1064
571	1065
573	1080
577	551
578	552
579	553
581	1078
589	578
597	558
603	565
606	574
617	601
622	592
623	608
625	625
626	593
647	616
651	1086
654	611
663	634
664	635
673	657
674	690
676	645
678	685
680	655
692	672
694	629
697	673
712	700
718	1100
722	702
723	704
724	707
745	732
752	740
767	952
774	955
797	757
798	758
801	762
805	764
809	767
810	768
814	775
817	779
820	780
827	1003
833	736
842	789
848	784
849	803
850	802
864	821
865	817
869	822
871	823
875	814
879	839
883	843
884	844
892	858
893	859
896	868
905	850
911	877
921	897
932	907
940	872
945	893
958	924
969	940
970	937
971	941
972	939
974	938
975	945
979	930
984	976
986	978
987	979
994	972
997	973
999	984
1002	986
1004	993
1007	996
1015	1009
1017	1012
1019	1013
1023	1017
1035	1030
1036	1033
1039	1041
1044	991
1045	1031
1051	1045
1056	1040
1058	1028
1059	1029
1061	1054
1064	1056
1066	1059
1068	1062
1072	1050
1074	1052
1083	613
1084	623
1089	1093
1094	1104
1097	1106
1107	3940
1136	1404
1143	1140
1153	1157
1165	1159
1167	1148
1171	1186
1173	1195
1175	1171
1178	1173
1181	1174
1202	1192
1203	1216
1207	1207
1210	1204
1212	1212
1222	1218
1224	1220
1228	1225
1231	1228
1232	1352
1235	1354
1238	1356
1242	1360
1247	1229
1251	1234
1253	1236
1258	1241
1270	1252
1281	1281
1289	1277
1292	1286
1297	1290
1299	1291
1307	1299
1308	1300
1309	1301
1310	1302
1312	1311
1313	1297
1315	1317
1320	1329
1327	1308
1328	1310
1335	1430
1338	1340
1354	1363
1355	1364
1357	1367
1361	1375
1362	1378
1366	1383
1369	1385
1373	1387
1376	1384
1379	1395
1382	1397
1392	1389
1394	1391
1399	1163
1402	1180
1418	1765
1428	1442
1435	1450
1454	1461
1462	1787
1483	1489
1489	1483
1497	1496
1499	1795
1501	1500
1506	1476
1509	1505
1510	1502
1534	1519
1539	1523
1548	1533
1580	1566
1586	1696
1592	1698
1593	1701
1598	1767
1599	1768
1604	1772
1605	1770
1606	1569
1607	1774
1612	1808
1613	1706
1627	1579
1630	1583
1631	1585
1637	1723
1645	1593
1646	1594
1648	1596
1654	1597
1658	1607
1660	1605
1661	1610
1662	1611
1665	1609
1680	1632
1691	1640
1697	1657
1707	1645
1718	1627
1721	1670
1733	1677
1735	1685
1744	1717
1746	1719
1758	1733
1761	1737
1762	1738
1766	1743
1773	1753
1786	1756
1794	1471
1795	1789
1803	1584
1805	1599
1827	1815
1830	1853
1835	1824
1840	1832
1847	1823
1851	1837
1858	1843
1864	2256
1867	1854
1869	1857
1876	1861
1885	1889
1897	1877
1898	1878
1900	1881
1901	1883
1903	1882
1904	1925
1931	1926
1939	1931
1959	2127
1968	2133
1975	2138
1978	2145
1985	2148
1987	2153
1988	2242
1992	2247
1997	2274
2010	1955
2017	1961
2026	2271
2031	1969
2035	1971
2038	1974
2050	1991
2062	2036
2064	1998
2069	2002
2071	2004
2073	2006
2097	2030
2101	2033
2102	2034
2104	1997
2115	2012
2117	2015
2121	2038
2123	2042
2124	2041
2128	2117
2129	2116
2133	2045
2135	2113
2137	2081
2140	2084
2143	2282
2147	2085
2148	2110
2152	2087
2158	2094
2159	2093
2160	2096
2172	2105
2173	2107
2186	2121
2193	2163
2198	2159
2201	2170
2205	2172
2213	2182
2218	2188
2242	2208
2244	2207
2245	2205
2260	2219
2265	2222
2273	1852
2293	1981
2296	1983
2300	2014
2317	2782
2324	2288
2329	2290
2339	2312
2342	2320
2343	2291
2350	2298
2353	2313
2363	2331
2366	2322
2370	2319
2371	2336
2381	2350
2396	2362
2400	2348
2404	2811
2406	2367
2408	2406
2409	2369
2410	2370
2411	2372
2414	2327
2419	2381
2425	2393
2426	2394
2427	2395
2432	2385
2438	2398
2452	2416
2454	2352
2455	2413
2456	2412
2457	675
2459	2815
2464	2419
2470	2433
2471	2434
2476	2446
2481	2722
2494	2463
2495	2465
2508	2823
2512	2472
2514	2475
2534	2693
2552	2496
2562	2508
2566	2719
2576	2519
2578	2520
2599	2549
2600	2553
2602	2554
2611	2559
2619	2570
2621	2572
2631	2581
2634	2585
2637	2586
2650	2599
2656	2544
2669	2602
2699	2656
2700	2657
2702	2661
2703	2667
2704	2665
2707	2664
2712	2670
2713	2622
2718	2649
2719	2648
2721	2606
2726	2681
2737	2710
2743	2702
2745	2703
2751	2489
2764	2728
2766	2729
2767	2730
2774	2740
2787	2747
2791	2749
2794	2743
2799	2763
2803	2768
2824	2750
2828	2758
2830	2753
2831	2756
2849	2361
2891	2839
2896	3148
2902	2977
2907	2869
2910	2878
2915	2881
2924	2853
2948	2904
2954	2898
2956	3151
2957	2905
2962	2911
2986	2929
2990	2934
3003	2956
3007	2961
3020	3145
3022	3112
3023	2971
3024	2972
3025	2973
3028	2980
3029	2982
3030	2983
3035	2993
3038	2988
3042	2991
3046	2997
3047	2998
3050	3010
3053	3004
3059	3012
3068	3027
3076	3032
3081	3037
3082	3038
3086	3042
3093	3049
3094	3050
3103	3059
3105	3062
3107	3073
3111	3071
3112	3060
3118	3079
3123	3083
3126	3086
3132	3092
3144	3100
3152	3114
3156	3121
3162	3124
3168	3128
3175	3133
3177	3134
3179	3142
3199	3011
3200	3013
3201	3016
3202	3001
3204	3158
3224	3198
3227	3255
3234	3407
3242	3200
3250	3308
3259	3338
3289	3260
3304	3290
3314	3312
3325	3333
3384	6351
3408	3533
3423	3368
3424	3368
3432	3237
3476	3201
3477	3311
3492	3454
3503	3288
3517	3331
3518	3332
3532	3251
3559	3710
3632	3714
3654	3751
3659	3755
3678	3758
3760	3939
3782	3617
3867	3639
3915	3654
3943	3844
3945	3845
3991	3945
3999	4177
4003	4068
4036	3988
4099	4078
4105	4401
4122	4224
4156	4551
4243	4385
4307	4300
4459	4681
4502	4670
4556	4749
4568	4666
4569	4667
4577	4732
4578	4668
4617	4786
4633	4669
4719	4914
4801	4933
4902	5107
4988	5007
4996	5082
5023	5093
5084	4895
5180	5225
5183	5232
5192	5278
5205	5462
5223	5239
5390	5510
5404	5300
5406	5302
5453	5201
5601	5289
5607	5783
5683	5726
5684	5725
5854	5870
5902	5987
5909	5566
5992	5633
5994	5635
6008	7303
6097	5811
6098	5811
6103	6040
6112	6377
6120	6404
6132	6168
6134	6169
6151	6202
6169	6271
6219	6241
6249	6282
6286	6104
6323	6420
6332	6291
6350	6452
6368	6194
6402	6442
6422	6185
6433	6227
6454	6278
6456	6285
6549	6845
6610	6641
6622	6658
6650	6534
6735	4593
6775	6507
6781	6784
6782	6785
6816	6842
6819	6840
6872	7303
6889	6755
6891	6756
7068	7053
7089	6968
7214	7064
7216	7078
7221	7020
7325	7444
7462	7344
7503	7470
28725	28538
28728	28542
28729	28543
28740	28554
28747	28560
28750	28563
28763	28575
28779	28589
28780	28590
28793	28602
28798	28606
28805	28614
28808	28617
28810	28619
28813	28622
28814	28623
28818	28628
28821	28630
28833	28642
28846	28655
28847	28656
28860	28670
28868	28678
28873	28684
28877	28689
28884	28696
28902	28713
28908	28720
28912	28724
28919	28732
28925	28739
28927	28741
28934	28748
28942	28750
28948	28753
28957	28764
28970	28777
28984	28791
28989	28797
28990	28798
28991	28799
28997	28803
28998	28805
29004	28811
29007	28814
29008	28815
29011	28818
29018	28825
29027	28832
29035	28840
29036	28841
29044	28849
29058	28862
29075	28876
29090	28890
29094	28894
29095	28895
29105	28903
29106	28904
29108	28906
29113	28913
29132	28928
29136	28933
29137	28934
29147	28942
29159	28956
29165	28964
29178	28977
29181	28980
29198	28997
29199	28999
29202	29002
29205	29004
29207	29006
29218	29014
29219	29015
29232	29027
29235	29030
29243	29041
29246	29045
29249	29048
29254	29054
29256	29056
29262	29061
29269	29067
29270	29068
29272	29070
29280	29078
29282	29080
29290	29087
29291	29088
29292	29090
29294	29092
29295	29093
29296	29094
29301	29097
29306	29103
29311	29106
29317	29112
29322	29116
29328	29122
29333	29129
29339	29134
29348	29145
29360	29153
29361	29157
29365	29161
29386	29179
29407	29202
29426	29219
29431	29223
29440	30203
29444	29237
29462	29256
29469	29263
29471	29260
29482	29275
29484	29276
29491	29283
29495	29286
29496	29287
29504	29295
29513	29304
29519	29310
29520	29309
29524	29314
29531	29321
29541	29330
29542	29331
29553	29339
29572	29358
29583	29370
29598	29379
29603	29390
29622	29408
29629	29419
29631	29421
29632	29422
29650	29439
29652	29443
29655	29447
29664	29452
29680	29469
29684	29473
29698	29485
29700	29487
29711	29499
29723	29509
29732	29520
29762	29550
29765	29552
29774	29561
29783	29567
29808	29593
29818	29602
29819	29603
29820	29604
29831	29612
29832	29617
29833	29618
29853	29641
29856	29643
29868	29649
29879	29663
29895	29677
29902	29685
29913	29702
29915	29699
29922	29704
29927	29713
29928	29714
29947	29736
29949	29738
29950	29733
29951	29739
29954	29742
30021	29808
30022	29809
30027	29814
30035	29821
30039	29826
30042	29828
30053	29839
30067	29852
30077	29863
30087	29873
30120	29882
30139	29902
30142	29905
30155	29919
30157	29922
30159	29924
30169	29931
30174	29937
30188	29952
30189	29953
30195	29959
30202	29967
30212	29977
30229	29988
30238	29999
30258	30023
30275	30032
30283	30045
30286	30049
30303	30064
30346	30107
30355	30116
30370	30131
30376	30141
30379	30144
30386	30153
30393	30159
30403	30164
30406	30165
30410	30174
30426	30188
30429	30191
30434	30194
30435	30198
30442	30204
30450	30215
30451	30217
30459	30225
30463	30229
30469	30235
30470	30236
30471	30237
30489	30251
30496	30258
30500	30259
30517	30280
30524	30287
30527	30286
30530	30290
30538	30296
30546	30305
30560	30319
30567	30327
30572	30332
30578	30338
30582	30342
30590	30348
30700	30462
30706	30467
30731	30493
30744	30502
30745	30503
30767	30523
30768	30526
30769	30527
30772	30528
30783	30537
30789	30547
30793	30556
30814	30584
30815	30585
30818	30589
30820	30591
30822	30594
30823	30595
30828	30599
30843	30617
30845	30612
30858	30626
30877	30646
30881	30647
30885	30655
30892	30654
30897	30664
30925	30685
30926	30686
30930	30691
30931	30692
30935	30697
30942	30701
30958	30721
30976	30738
30981	30743
30989	30750
31001	30761
31003	30763
31011	30774
31015	30775
31045	30802
31052	30807
31064	30819
31081	30836
31086	30840
31094	30850
31107	30860
31147	30907
31148	30903
31194	30952
31201	30961
31206	30964
31215	30971
31241	30999
31263	31019
31269	31027
31273	31032
31274	31033
31277	31037
31282	31043
31331	31089
31341	31097
31371	31127
31373	31129
31382	31137
31387	31143
31392	31147
31404	31156
31405	31157
31424	31176
31434	31186
31439	31191
31443	31195
31466	31217
31467	31218
31471	31222
31474	31225
31478	31230
31479	31231
31481	31233
31483	31235
31485	31237
31499	31250
31501	31252
31502	31253
31515	31268
31523	31276
31526	31279
31534	31287
31535	31288
31542	31295
31550	31302
31561	31312
31579	31326
31586	31334
31593	31342
31607	31355
31615	31364
31621	31370
31627	31375
31654	31404
31659	31408
31670	31417
31674	31420
31675	31421
31679	31427
31681	31429
31700	31450
31701	31451
31703	31453
31711	31457
31729	31468
31758	31493
31765	31498
31787	31519
31791	31525
31847	31568
31848	31569
31856	31577
31868	31588
31888	31606
31898	31615
31900	31617
31901	31618
31902	31619
31907	31624
31914	31631
31924	31640
31928	31644
31931	31646
31932	31647
31936	31651
31940	31653
31942	31654
31958	31667
31961	31670
31965	31673
31968	31675
31972	31679
31979	31684
31980	31685
31983	31688
31986	31691
31997	31703
32038	31742
32055	31759
32066	31768
32069	31772
32071	31774
32086	31788
32110	31814
32119	31823
32128	31837
32135	31852
32151	31861
32175	31888
32179	31892
32181	31894
32192	31903
32214	31927
32230	31944
32232	31946
32238	31952
32244	31957
32252	31965
32265	31979
32291	32005
32299	32015
32300	32016
32312	32027
32314	32029
32326	32040
32328	32042
32335	32049
32338	32052
32340	32054
32344	32058
32357	32070
32364	32076
32380	32091
32382	32093
32387	32098
32410	32120
32456	32137
32462	32145
32492	32178
32501	32187
32508	32194
32521	32206
32543	32222
32562	32244
32575	32260
32618	32297
32621	32299
32623	32301
32641	32319
32680	32357
32681	32358
32698	32374
32699	32375
32706	32383
32707	32384
32723	32398
32733	32410
32734	32411
32744	32421
32750	32426
32754	32431
32756	32433
32759	32436
32763	32440
32771	32446
32778	32453
32788	32464
32789	32465
32806	32481
32811	32486
32818	32493
32819	32494
32820	32495
32822	32498
32825	32501
32829	32506
32837	32514
32862	32538
32869	32544
32886	32559
32904	32577
32944	32618
32946	32620
32948	32622
32957	32631
32975	32654
32997	32668
33000	32671
33003	32674
33007	32678
33052	32716
33055	32719
33056	32720
33080	32740
33132	32786
33147	32800
33159	32808
33168	32816
33186	32834
33188	32836
33197	32841
33208	32850
33214	32855
33217	32858
33227	32865
33230	32868
33235	32874
33243	32883
33244	32884
33246	32886
33247	32887
33248	32888
33250	32890
33256	32896
33262	32902
33265	32905
33269	32909
33271	32911
33284	32923
33289	32927
33290	32928
33299	32937
33301	32939
33303	32942
33322	32961
33337	32981
33351	32996
33417	33052
33432	33063
33449	33079
33489	33116
33498	33125
33526	33154
33544	33173
33567	33192
33590	33219
33605	33230
33636	33256
33638	33258
33643	33263
33645	33265
33646	33266
33651	33271
33659	33277
33662	33280
33663	33281
33674	33291
33680	33297
33682	33299
33697	33311
33700	33314
33701	33315
33702	33316
33708	33321
33709	33322
33711	33324
33713	33327
33716	33330
33729	33343
33731	33345
33734	33348
33751	33365
33753	33367
33763	33377
33764	33378
33765	33379
33766	33380
33769	33382
33772	33385
33778	33391
33780	33393
33797	33411
33804	33419
33812	33426
33813	33427
33821	33435
33822	33436
33833	33448
33879	33486
33906	33513
33908	33514
33936	33550
33937	33551
33955	33566
33962	33576
33970	33584
33972	33586
33977	33589
33978	33590
33982	33594
34000	33611
34005	33614
34020	692
34038	33648
34049	33657
34066	33671
34084	33689
34088	33696
34090	33700
34096	33713
34128	33743
34160	33772
34185	33794
34226	33839
34231	33841
34255	33860
34257	33863
34302	33897
34322	33923
34326	33929
34330	33942
34338	33953
34369	33996
34384	34009
34388	34011
34390	34013
34396	34020
34411	34040
34416	34045
34420	34052
34434	34069
34457	34096
34481	34133
34491	34154
34492	34155
34499	34164
34542	34210
34552	34222
34558	34233
34565	34241
34575	34253
34586	34261
34593	34268
34606	34276
34609	34280
34615	34289
34632	34312
34641	34320
34661	34331
34693	34371
34696	34374
34697	34375
34703	34388
34704	34389
34844	34473
34855	34494
34906	34538
34988	34630
34996	34638
34997	34639
35014	34655
35017	34658
35036	34673
35037	34674
35061	34738
35076	34752
35077	34753
35079	34755
35082	34768
35083	34769
35090	34775
35131	34784
35136	34791
35155	34815
35161	34819
35203	34828
35216	34838
35232	34867
35250	34883
35329	34970
35344	34981
35350	34984
35357	34991
35358	34992
35367	3996
35403	35023
35536	35102
35539	35107
35550	35118
35554	35120
35627	35208
35633	35215
35656	35274
35698	35343
35702	35350
35744	35373
35745	35374
35746	35377
35747	35378
35769	35390
35771	35392
35777	35397
35785	35409
35789	35413
35803	35421
35824	35433
35834	35449
35851	35469
35854	35471
35868	35493
35873	35497
35878	35503
35892	35530
35916	35547
35930	35579
35944	35596
35953	35613
35967	35636
35982	35668
36001	35683
36018	35705
36026	35715
36031	35726
36059	35780
36125	35956
36184	36039
36192	36044
36199	36051
36207	36058
36262	36123
36264	36124
36274	36139
36276	36141
36288	36152
36303	36168
36310	36176
36351	36189
36352	36190
36382	36234
36404	36272
36408	36277
36412	36283
36714	36385
36718	36389
36722	36391
36723	36395
36724	36396
36745	36408
36798	36470
36832	36514
36950	36595
36956	36603
37115	36641
37125	36654
37130	36658
37145	36713
37160	36733
37168	36741
37182	36763
37186	36776
37187	36783
37189	36787
37207	36809
37210	36846
37260	36846
37285	36868
37305	36885
37312	36894
37459	37050
37487	37091
37491	37095
37523	37136
37540	37148
37597	37191
37630	37231
37639	37240
37680	37283
37691	37298
37693	37300
37713	37319
37729	37335
37750	37360
37763	37376
37775	37383
37810	37417
37864	37474
38258	37634
38264	37638
38310	37724
38330	37742
38341	37749
38356	37763
38365	37772
38389	37798
38412	37836
38418	37841
38431	37850
38442	37865
38448	37875
38458	37883
38485	37902
38516	37926
38563	37953
38594	37971
38600	37977
38636	38013
38641	38018
38646	38020
38651	38031
38658	38041
38672	38056
38673	38057
38694	38085
38715	38106
38735	38125
38771	38167
38779	38174
38784	38176
38788	38181
38801	38194
38802	38195
38804	38197
38829	38211
38848	38236
38854	38245
38856	38246
38857	38248
38859	38250
38867	38259
38868	38260
38875	38265
38959	38339
38998	38356
39006	38366
39052	38413
39054	38415
39071	38434
39081	38445
39096	38461
39098	38463
39150	38506
39197	38556
39239	38600
39241	38601
39269	38635
39275	38696
39284	38700
39296	6890
39437	38904
39545	38987
39599	39024
39652	39076
39750	39083
39780	39098
39799	39124
39819	39142
39862	39169
39881	39229
39903	39263
39926	39315
39998	39400
40001	39403
40008	39408
40023	39423
40027	39429
40088	39481
40122	39519
40181	39606
40205	39630
40222	39645
40260	39717
40336	39792
40476	39879
40495	39898
40525	39916
40538	39946
40543	39953
40555	39967
40570	39984
40573	39987
40574	39988
40581	39994
40611	40028
40633	40053
40644	40061
40654	40071
40657	40073
40667	40078
40673	40086
40675	40088
40681	40096
40697	40110
40730	40148
40757	40168
40768	40177
40794	40200
40804	40209
40805	40210
40810	40213
40878	40289
146	151
1251	1235
1773	1752
1795	1790
2193	2164
2324	2844
2457	2414
4243	4390
5404	5301
5406	5303
28997	28804
29831	29615
32119	31830
32462	32150
36059	35898
36950	36606
36956	36614
37125	36684
37130	36688
37210	36859
37260	36859
38442	37868
38458	38851
